word	count
대통령	47
첫	27
kt	26
게시판	21
감독	18
신간	18
등	17
트럼프	17
것	15
이란	15
만에	14
방문	14
삼성	14
개최	13
영업익	13
5g	12
mlb	12
2분기	11
중	11
프로농구	11
감소	10
국내	10
월드컵	10
작년	10
전	10
최고	10
한국	10
공개	9
내달	9
새	9
중국	9
지원	9
출시	9
3분기	8
lg	8
개발	8
더	8
또	8
비	8
전국	8
db	7
lgu	7
lg전자	7
nba	7
skt	7
강화	7
그래픽	7
네이버	7
다시	7
류현진	7
문	7
사망	7
사우디	7
스마트폰	7
승리	7
오늘	7
증가	7
추진	7
1위	6
3년	6
경제	6
국회	6
규모	6
꺾고	6
논란	6
다저스	6
대표	6
돌파	6
모바일	6
모집	6
미	6
북한	6
서비스	6
성장	6
신임	6
아냐	6
없어	6
여성	6
역사	6
외국인	6
우려	6
정부	6
지속	6
터키	6
26일	5
가장	5
개막	5
검토	5
결정	5
공격	5
김정은	5
내	5
논의	5
놓고	5
때	5
러	5
매체	5
목표가	5
미국	5
민주	5
베네수엘라	5
삼성전자	5
손흥민	5
수사	5
시작	5
시즌	5
실적	5
안	5
압박	5
애플	5
여야	5
오바마	5
올해	5
왜	5
위한	5
유럽	5
인기	5
인수	5
일본	5
취임	5
하락	5
한국당	5
한반도	5
홈런	5
후	5
11일	4
1분기	4
eu	4
kbs	4
vs	4
가능성	4
갈등	4
갤럭시s8	4
검찰	4
겨냥	4
경선	4
공모	4
관련	4
금지	4
급락	4
기능	4
날씨	4
내년	4
내일	4
눈	4
대비	4
대선	4
대화	4
더민주	4
될	4
듯	4
러시아	4
발견	4
발사	4
베트남	4
보도	4
북미	4
불법	4
사장	4
상승	4
상용화	4
선두	4
선정	4
세계	4
속	4
수도	4
언론	4
없는	4
연속	4
연장	4
영상	4
예스24	4
오후	4
올림픽	4
울산	4
원내대표	4
이상	4
인터넷	4
장관	4
전북	4
정상회담	4
제주	4
주요	4
최지만	4
추가	4
추천	4
축구	4
출전	4
충돌	4
코스피	4
큰	4
투자	4
특검	4
특징주	4
평균	4
폭발	4
한	4
합의	4
확정	4
회동	4
1등	3
5명	3
6년	3
8명	3
d1	3
gdp	3
gs건설	3
lg유플러스	3
sk	3
sk텔레콤	3
가격	3
간담회	3
개선	3
개시	3
개통	3
거래	3
거리	3
거부	3
경고	3
경기	3
경찰	3
공모전	3
공연	3
공화	3
관심	3
광주	3
구글	3
구단	3
국민	3
금감원	3
기념식	3
낮	3
단통법	3
달성	3
당	3
대결	3
대구	3
대신증권	3
대표팀	3
대회	3
데이터	3
도로공사	3
독일	3
동시	3
동의	3
두	3
두산	3
라바리니	3
말	3
맞는	3
멕시코	3
목표	3
몰래	3
문대통령	3
미사일	3
미세먼지	3
반대	3
발간	3
발표	3
발행	3
법무장관	3
법안	3
부담	3
부산	3
부상종합	3
불참	3
브렉시트	3
비난	3
비핵화	3
서울	3
선발	3
선택	3
수상	3
수익성	3
시	3
시리아	3
시진핑	3
실패	3
아닌	3
아시안게임	3
안돼	3
안철수	3
어떻게	3
없다	3
연결	3
열려	3
영업손실	3
영입	3
온	3
올해의	3
우수	3
원달러	3
위해	3
유튜브	3
이	3
이벤트	3
이스라엘	3
이야기	3
이틀째	3
이해찬	3
이후	3
인삼공사	3
자금	3
작년보다	3
잔류	3
적극	3
전망	3
전문가	3
절반	3
젊은	3
접촉	3
정규리그	3
주말	3
중부	3
증거	3
진출	3
차단	3
참여	3
찾아	3
처리	3
총력전	3
최근	3
최대	3
최소	3
최초	3
추락	3
추이	3
축구대표팀	3
출간	3
출마	3
출발	3
출석	3
출신	3
테러	3
토트넘	3
통과	3
퇴장	3
판매	3
페이스북	3
평양정상회담	3
프로야구	3
피해	3
하나금투	3
한미	3
핵	3
현지	3
홍영표	3
화면	3
화웨이	3
황창규	3
황총리	3
회담	3
회장	3
후보	3
힐러리	3
10대	2
10월	2
13일	2
15일	2
16강	2
17일	2
18세	2
1명	2
1순위	2
2008년	2
2021년	2
2022년까지	2
20대	2
2명	2
2배	2
2부	2
30년	2
30일	2
3당	2
3사	2
3월	2
40대가	2
45점	2
4연승	2
4일	2
5월	2
6개월	2
7이닝	2
ag	2
ai	2
cctv	2
cj	2
dlf	2
els	2
g7	2
gs칼텍스	2
iot	2
is	2
kb금융	2
kisa	2
k리그	2
k리그1	2
lte	2
mvp	2
mwc	2
ok	2
p	2
pd수첩	2
rfa	2
sbs	2
sns돋보기	2
tv	2
v30	2
vr	2
가계대출	2
가입	2
가입자	2
가족	2
감사	2
강력	2
강타한	2
강한	2
강행	2
개성공단	2
개소	2
개인정보	2
갤러리	2
갤럭시s9	2
거래소	2
거점	2
건설에	2
격려	2
결의	2
경기도	2
경북	2
경쟁	2
계정	2
계획	2
고개	2
고객	2
고발	2
고액	2
고조	2
골	2
공공기관	2
공급계약	2
공방	2
공부	2
공식	2
공약	2
과총	2
관계자	2
관광객	2
교체	2
국민께	2
국민의당	2
국빈방문	2
국제	2
군인	2
규제	2
규탄	2
그리즈만	2
금리	2
기념	2
기대	2
기대감	2
기무사	2
기승	2
기업	2
기자들	2
기자회견	2
기회	2
길	2
꼴찌	2
나누는	2
나는	2
나서	2
나선다	2
나왔다	2
남부지방	2
남북관계	2
남성	2
남중국해	2
내린	2
내일날씨	2
넘어	2
네이마르	2
네이처	2
넥센	2
논문	2
누구	2
눈독	2
뉴질랜드	2
늘어	2
다른	2
단독주택	2
단말기	2
단서	2
당정	2
대만	2
대상	2
대설주의보	2
대출	2
대통령과	2
대표단	2
대학생	2
대한	2
대한항공	2
대화종합	2
도약	2
도전	2
도착	2
독려	2
돌아온	2
돌풍	2
동부	2
동영상	2
등록	2
떠난	2
또다른	2
랜섬웨어	2
롯데	2
리뉴얼	2
마드리드	2
마케팅	2
마틴	2
만나요	2
많이	2
맞춤형	2
매수	2
매우	2
먹는	2
메시지	2
모두	2
모든	2
목적	2
몰려	2
못	2
무릎	2
무역갈등	2
무역전쟁	2
묵묵부답	2
문제	2
문학	2
미군	2
미디어	2
미리	2
미친	2
민간	2
민심	2
바닥	2
바람	2
박상기	2
박원순	2
박주민	2
박항서	2
발목	2
발언	2
발언하는	2
방송	2
방심위	2
방통위	2
배제	2
법무부	2
베트남에	2
변신한	2
보는	2
보수	2
보안	2
복원	2
본회의	2
봄	2
봄의	2
부대	2
부동산캘린더	2
부천	2
부총리	2
부통령	2
북미정상회담	2
북중	2
분야	2
불펜	2
브라질	2
비난에	2
비용	2
비자발급	2
빌	2
사건	2
사람	2
사보임	2
사업	2
사업에	2
사외이사	2
사용	2
사표	2
산업생산	2
삶	2
삼성에	2
삼성증권	2
상대	2
상반기	2
새로운	2
색	2
생생하게	2
석유	2
선거법	2
선보여	2
선수	2
선임	2
선정한	2
선착	2
세몰이	2
소년	2
소식에	2
소폭	2
수	2
수도권	2
수비	2
수십명	2
수원	2
수익	2
수입	2
수주	2
수준	2
순위	2
순익	2
시기	2
시대	2
시대에	2
시신	2
시위	2
시장	2
시청률	2
시행	2
신고	2
신규	2
신기록	2
신제품	2
신태용호	2
실시	2
심상정	2
심포지엄	2
싶다	2
씽큐	2
아베	2
아직	2
아파트	2
악의적	2
앞두고	2
앞둔	2
앞서	2
앞으로	2
앱	2
야당	2
어디까지	2
언론사	2
엄청난	2
업무협약	2
없어도	2
엇갈린	2
엔진	2
여객기	2
여론	2
여름	2
여수	2
여자농구	2
여자배구	2
여행	2
연구	2
연설	2
열기	2
영하권	2
예약판매	2
옐리치	2
오신환	2
오전	2
오존주의보	2
오픈	2
오후부터	2
온라인	2
올라	2
올스타	2
옷	2
완료	2
완승	2
완파	2
왔나	2
요금인하	2
요금제	2
요청	2
용의	2
우승	2
운영	2
원칙	2
위기	2
위험	2
유도	2
유상증자	2
유지	2
유출	2
유치	2
융합보안	2
은퇴	2
의	2
의심	2
의원	2
의혹	2
이용자	2
이정현	2
이통	2
이하	2
인근	2
인니	2
인력	2
인하	2
일본이	2
일자리	2
일주일	2
임종석	2
입국	2
자국	2
자동차	2
자사주	2
자살	2
자율차	2
자제	2
작가	2
잘	2
장비	2
장자연	2
재개	2
재확인	2
재활	2
적용	2
적자	2
전기차	2
전남	2
전달	2
전대	2
전문	2
전용	2
전쟁	2
전환사채	2
점	2
점검	2
접수	2
정보	2
정상	2
제공	2
제의	2
제재	2
제한	2
조국	2
조기	2
조만간	2
조사	2
조성	2
종합	2
좋아	2
주도	2
주둔	2
주목	2
주문	2
주요국	2
주의	2
주장	2
준비	2
중국군	2
중국인	2
중대한	2
중부사령관	2
증가세	2
증가종합	2
증시	2
증폭	2
지구	2
지급	2
지도부	2
지방선거	2
지역	2
지정	2
지지율	2
직접	2
진땀승	2
징계	2
차기	2
참전용사	2
창립	2
채프먼	2
책	2
챔스리그	2
챔프전	2
청와대	2
청춘해	2
체결	2
초	2
초반	2
촉구	2
최순실	2
최저	2
최진수	2
추가제재	2
추미애	2
추정	2
추첨	2
취득	2
취임후	2
캠페인	2
커져	2
켈리	2
코스닥	2
클리블랜드	2
클린턴	2
키움증권	2
탄도미사일	2
태양광	2
태풍	2
통산	2
통일부	2
통화	2
퇴직	2
투입	2
트레이드	2
트위터	2
파업	2
파울볼	2
판문점	2
평가	2
평양	2
평창	2
포럼	2
표절	2
푸틴	2
프로모션	2
프로배구	2
프로축구	2
플랫폼	2
하원	2
한국거래소	2
한국전력	2
한눈에	2
한정판	2
한화	2
항공당국	2
해	2
해결	2
해야	2
해제	2
행보	2
행사	2
행정	2
행진	2
향한	2
혁명수비대	2
현대상선	2
현대차증권	2
현장	2
협력	2
협박	2
협상	2
형사	2
호실적	2
홀로	2
확대	2
확보	2
환불	2
환율	2
황사	2
획득	2
훈련	2
휴가	2
휴대전화	2
휴대폰	2
흔들기	2
희생자	2
힘	2
02로	1
0원	1
100개	1
100권의	1
100년	1
100세시대	1
100억원	1
100점대	1
10k	1
10곳	1
10기가급	1
10배	1
10분기째	1
10살	1
10승	1
10시	1
10일	1
10주년	1
10패	1
110만	1
11개	1
11명과	1
11일부터	1
11조6천억원	1
122석	1
127만명	1
12년	1
12년만에	1
12승	1
130주년	1
1321개	1
134명으로	1
13개팀	1
13만부	1
13명	1
13척	1
140달러까지	1
143억원	1
14거래일째	1
14일	1
14차	1
150m	1
159억원	1
15년	1
15만부	1
15차는	1
160만명	1
16세	1
16안타	1
16원	1
16일	1
16주년	1
177개사	1
17개	1
17점차	1
17조9천752억원	1
180건	1
18대	1
18묘역	1
193억원	1
1960년대	1
1970년대	1
1992년	1
19대	1
19도	1
19일	1
19주	1
1강	1
1달러	1
1도	1
1루수로	1
1만	1
1만3천	1
1만4천여가구	1
1만5천명	1
1만개	1
1만원	1
1볼넷	1
1분	1
1승	1
1승만	1
1심	1
1억5천만원	1
1억8천만원	1
1억원	1
1월국회서	1
1월말로	1
1위는	1
1위리얼미터	1
1인자	1
1일	1
1조	1
1조1천195억원	1
1조원	1
1조원대	1
1차전서	1
1차전에	1
1천142개	1
1천382억원	1
1천42억	1
1천706억원	1
1천만	1
1천만원	1
1타점	1
1편이	1
1호	1
2003년부터	1
200억원	1
200장	1
2012년	1
2016년	1
20182019시즌	1
2018년형	1
2022년인지	1
2080선	1
20년후엔	1
20만명	1
20억원	1
20여명과	1
21구	1
21억원어치	1
21일까지	1
2223일	1
22개월만에	1
22만9천건	1
22일	1
230원에	1
2360대로	1
23일	1
23일부터	1
23초	1
2400선	1
243억원	1
24인의	1
25일	1
25전쟁	1
25점	1
25주년	1
26호	1
27도	1
27일부터	1
282km	1
28곳	1
29명째	1
29일	1
2강	1
2개	1
2개로	1
2경기	1
2권	1
2기	1
2달러	1
2달러에서	1
2배로	1
2승	1
2실점	1
2연승	1
2연승종합	1
2연패	1
2위	1
2위와	1
2일	1
2일까지	1
2일부터	1
2조원에	1
2주만에	1
2주후	1
2차	1
2차공격	1
2차분	1
2천543억원	1
2천713억원	1
2천만원	1
2천조원	1
2타수	1
2파전	1
300만	1
30억	1
30홈런	1
31년	1
31명	1
32억원	1
346만명	1
350m	1
350만	1
350명	1
360도	1
38명	1
38선	1
38억	1
39사단	1
39점	1
3q	1
3가지	1
3개	1
3개국	1
3개월	1
3개월만에	1
3경기	1
3국	1
3년새	1
3대	1
3대3	1
3라운드	1
3명	1
3방	1
3방으로	1
3상	1
3성	1
3실점	1
3연속	1
3연승	1
3월1일	1
3월의	1
3일	1
3자배정	1
3주	1
3천658일	1
3천753억	1
3패	1
408억원	1
40분	1
414억원	1
423억원	1
44일간	1
45로	1
48주	1
49만9천여대	1
4강	1
4개월째	1
4경기	1
4도	1
4명	1
4배로	1
4번째	1
4분기	1
4시	1
4억4천만원	1
4연패	1
4월까지	1
4월부터	1
4인극으로	1
4조160억원	1
4조원	1
4차산업혁명	1
4천900원에	1
500억	1
500홈런	1
50억원	1
50점에도	1
52주	1
53억원	1
54개국중	1
5g까지	1
5년간	1
5당대표	1
5도	1
5만명	1
5명3보	1
5배	1
5시	1
5실점	1
5억원으로	1
5연승	1
5위	1
5이	1
5일	1
5일간	1
5자	1
5주년	1
5차	1
5천445명	1
5천명	1
5호	1
61주년	1
65대	1
66조원	1
67억원	1
6건	1
6만4천320주	1
6명	1
6연승	1
6이닝	1
6전	1
6편	1
6호	1
70년	1
70주년	1
72년	1
72주년	1
77억원	1
795억원	1
7년간	1
7만5천개째	1
7시간	1
7월	1
7일만에	1
7장될	1
7천428만건	1
800건	1
82년생	1
84년생	1
86그룹	1
8개국어로	1
8개팀	1
8기	1
8만원짜리	1
8번타자	1
8승	1
8연승	1
8원	1
8월	1
8위	1
8일만에	1
8천360억원	1
987억원	1
98억원	1
9개월	1
9번	1
9일	1
9조4천억원에	1
9회	1
a	1
afc	1
afd	1
ai칩	1
al	1
ar	1
as모나코	1
att	1
a매치	1
b1b	1
b컷	1
cnbc	1
cnn	1
db의	1
dg	1
dls	1
dmz	1
ebs	1
em	1
epl	1
era	1
eu의	1
f35	1
fa	1
fc아트드림	1
fta	1
gepp	1
gkl	1
gsma	1
gs글로벌	1
gs칼텍스에	1
hdc	1
hdc현대ep	1
h지수	1
icbm	1
icbm용	1
ifa	1
ipf	1
ir	1
is선전요원	1
it	1
j	1
k	1
kaist	1
kbl	1
kbo리그	1
kbs교향악단	1
kb손보	1
kcc	1
kgc인삼공사	1
kgp	1
kia	1
kia행	1
kict	1
kj프리텍	1
kpipa	1
ktb투자	1
kt엠모바일	1
kt온산지점서	1
kt의	1
k뷰티	1
la	1
lg디스플레이	1
lg와	1
lg유플러스는	1
lh	1
ma	1
mbc	1
mb비서관	1
mou	1
mv	1
m포인트로	1
n	1
nasa	1
nhn엔터	1
nh투자	1
nh투자증권	1
nipa	1
no	1
o	1
o2o	1
ocn	1
oled	1
p53	1
po	1
po서	1
ps	1
p차로	1
rd	1
s400	1
sbs스페셜	1
scie	1
sc제일은행	1
se	1
sf에	1
sh홀딩스	1
skb	1
sk네트웍스	1
sk머티리얼즈	1
sk에	1
sk이노베이션	1
sk전서	1
sk증권	1
sk텔레콤안양시	1
sm그룹	1
spc	1
spp조선	1
sri	1
tbn	1
thinq	1
tk	1
t전화에	1
uci	1
u골프	1
u프로야구	1
v3	1
v30s	1
v50	1
var	1
vod	1
vr이	1
v낸드	1
v리그	1
w	1
who	1
who에	1
wm	1
wto	1
x여행	1
ytn	1
가겠다	1
가결	1
가까이	1
가나	1
가나서	1
가난에	1
가는	1
가능	1
가능성종합	1
가능성종합2보	1
가능하지만	1
가닥	1
가동률	1
가득	1
가볍게	1
가빈	1
가상현실	1
가속	1
가야	1
가을	1
가을대전	1
가을아	1
가을이었지만	1
가입자에	1
가전전시회	1
가지	1
가짜	1
가짜뉴스	1
가처분	1
가축분뇨	1
각	1
각국서	1
간다	1
간부가	1
간소화	1
갈	1
갈아입고	1
감	1
감독대행	1
감독에게	1
감마누	1
감사결과	1
감사의견	1
감소종합	1
감악산	1
감염률	1
감자	1
감자로	1
감지되면	1
갔나	1
강경화	1
강등	1
강력한	1
강릉	1
강릉서	1
강세	1
강소휘	1
강원도	1
강원도민일보사	1
강원랜드	1
강의	1
강자를	1
강점은	1
강조	1
강추위	1
강판	1
강풍	1
강했다	1
강행시	1
강화방안은	1
강화종합	1
갖고	1
갖춰	1
같은	1
개각	1
개념	1
개발사	1
개발은	1
개인비서	1
개인용	1
개인전	1
개입	1
개장종합	1
개정해야	1
개최지	1
개편	1
개헌	1
개헌논의	1
개헌안	1
개헌의지	1
개혁	1
개화	1
객석	1
갤s8	1
갤노트9	1
갤노트fe	1
갤럭시s7보다	1
갤럭시노트7	1
갤럭시탭s3	1
갸우뚱	1
거기	1
거닐며	1
거대기업	1
거듭	1
거래에	1
거래전문가	1
거리에서	1
거리의	1
거물들이	1
거의	1
거절	1
거칠게	1
건	1
건강해져요종합	1
건너가나	1
건립안	1
건물서	1
건실한데	1
건전성	1
건조주의보	1
걸프를	1
검색과	1
검색엔진	1
검열단	1
검출기서	1
검토종합2보	1
겁박	1
것도	1
것들의	1
것인가	1
게	1
게이츠	1
게임	1
게임산업협회	1
게임질병코드	1
겨냥한	1
겨울	1
겨울아	1
격돌	1
격려하는	1
격차	1
격화	1
겪은	1
견본주택	1
견제하고	1
견지해야	1
결국	1
결론	1
결선진출	1
결성	1
결승	1
결승전	1
결승타	1
결의안	1
결장	1
결전	1
결전지	1
결정돼도	1
결정이란	1
결제	1
결합	1
결혼	1
겹쳐	1
경계령	1
경계해야	1
경고종합	1
경기권	1
경기력	1
경기부양	1
경기서	1
경기하강	1
경남도	1
경동나비엔	1
경례하는	1
경매	1
경북대학교서	1
경비노동자	1
경비행기	1
경산	1
경영고문	1
경영난	1
경우도	1
경유	1
경쟁력	1
경쟁으로	1
경쟁하려면	1
경제계	1
경제난	1
경제발전전략서	1
경제법	1
경제보복	1
경제부총리를	1
경제비용	1
경제산업상	1
경제에	1
경제장관	1
경제정책	1
경제학자도	1
경주한수원	1
경찰관	1
경찰에	1
경험	1
계기	1
계속해야	1
계약	1
계엄	1
고가	1
고강도	1
고객영향	1
고관절	1
고교생	1
고동진	1
고려대	1
고려해야	1
고로쇠	1
고마워	1
고부가가치	1
고분양가	1
고성	1
고성장	1
고속	1
고용창출	1
고인	1
고전	1
고지	1
고지대는	1
고체	1
고춧가루	1
고통에서	1
고향에	1
고화질	1
골드번호	1
골든슈	1
골든스테이트	1
골든스테이트에	1
골란고원	1
골목형	1
골문	1
골밑	1
골키퍼가	1
골프장서	1
곳곳	1
곳곳에	1
공	1
공간	1
공간에	1
공개종합2보	1
공개해야	1
공공기관장	1
공군	1
공급과잉	1
공동성명	1
공동운영	1
공동캠페인	1
공동훈련	1
공략	1
공룡	1
공모전서	1
공모주	1
공무원시험	1
공사에	1
공습에	1
공시	1
공식운동	1
공식후원	1
공약한	1
공인구	1
공장	1
공정위까지	1
공조	1
공채	1
공판부	1
공포	1
공포정치로	1
과기부	1
과로	1
과시	1
과시종합2보	1
과이도	1
과정	1
과제	1
과제는	1
과학기자협회	1
과학논문	1
과학엘리트	1
과학외교	1
과학자	1
과학자들	1
과학자상에	1
과학축제	1
과학콘텐츠	1
관객	1
관건적	1
관계	1
관광명소	1
관광복지	1
관람	1
관리센터	1
관세청	1
관중	1
관중도	1
관중에게	1
관한	1
관훈클럽	1
광고도	1
광고영상	1
광년	1
광동제약	1
광물가격	1
광복절	1
광역시	1
광주공장	1
광주교통방송	1
광주서갑	1
광주선언은	1
광주시	1
광주에서	1
광주전남	1
광케이블	1
괜찮네요	1
괴한에	1
교류	1
교복	1
교수	1
교양만화로	1
교양서	1
교육생	1
교육생들	1
교육시설	1
교체할	1
교환	1
교황	1
구글과	1
구글홈보다	1
구단에	1
구도를	1
구리	1
구리선	1
구상	1
구석구석	1
구속	1
구원투수상	1
구조물	1
구조선	1
구조조정	1
구체적	1
구체화	1
구축	1
구호	1
구호품	1
국가rd	1
국가기능	1
국가대표에	1
국경방문	1
국경서	1
국기에	1
국내서도	1
국내외	1
국내은행	1
국내최대	1
국립극단	1
국립민속박물관	1
국면	1
국무장관	1
국무회의서	1
국민단합	1
국민생명	1
국민에	1
국민으로	1
국민의	1
국민이	1
국민임대주택	1
국방위	1
국빈만찬	1
국정과제	1
국정구상	1
국정목표	1
국정안정	1
국정지지도	1
국제블랙리스트	1
국제행사	1
국회돼야	1
국회서	1
국회연설	1
국회의장	1
국회통과에	1
군	1
군간부들	1
군사	1
군사협력	1
군정보기관장	1
군함	1
궁할까	1
권고	1
권력에	1
권력협상	1
권리	1
권영수	1
권한대행	1
권한대행측	1
궤변	1
귀국길	1
귀환	1
규명	1
규정	1
규제개혁	1
규제방안	1
규제에	1
규제해야	1
규제혁신	1
그	1
그날	1
그래도	1
그런	1
그레인키	1
그리스	1
그리스서	1
그림손	1
그림에	1
그림자	1
극	1
극과	1
극단처방	1
극동연방대서	1
극명히	1
극복	1
극우	1
극한에서	1
근속	1
근접	1
글로벌	1
글로벌인프라펀드	1
금값	1
금리우대	1
금융	1
금융소비자원	1
금융시장	1
금융지주	1
금융투자협회장	1
금의환향	1
금펀드	1
급등	1
급부상	1
급증	1
급증은	1
급증할	1
급파	1
긍정	1
긍지	1
기가	1
기가인터넷	1
기가지니로	1
기념일	1
기념촬영하는	1
기대에	1
기독교가	1
기둥	1
기득권	1
기록	1
기반	1
기본료	1
기부	1
기부금	1
기부액	1
기쁘다	1
기술	1
기술확보	1
기싸움도종합	1
기아차	1
기억	1
기억하자	1
기업도시	1
기업들	1
기업의	1
기운	1
기원	1
기자	1
기자재	1
기자협회동행	1
기재부	1
기적	1
기존약정자도	1
기지국	1
기폭장치	1
기활법은	1
기회형창업	1
기획	1
기획전	1
긴급자금	1
긴장	1
긴장감	1
길들임의	1
길목	1
김경협과	1
김관영	1
김기현	1
김동식	1
김명관	1
김명자	1
김무성	1
김민재	1
김병양	1
김석진	1
김소니아	1
김수민	1
김수현	1
김씨	1
김인식	1
김재원	1
김재환	1
김정은과	1
김정은푸틴	1
김종규	1
김종대	1
김중석	1
김지영	1
김태형	1
김현미	1
김현웅	1
김홍박	1
김훈	1
김희옥	1
깃든	1
깊은	1
까지	1
깜깜이	1
깜짝	1
깨다	1
껑충	1
꼽은	1
꽁꽁	1
꽃길처럼	1
꽃다발	1
꾸준한	1
꿇었나	1
꿈	1
꿈꾸는	1
꿈을	1
끄떡없다	1
끊임없는	1
끊임없이	1
끝까지	1
끝나지	1
끝났다	1
끝내고요	1
끝내기	1
끝자락	1
끝장레슨	1
끼니	1
나	1
나가는	1
나경원	1
나노	1
나노분야	1
나노스	1
나노캠텍에	1
나누고파	1
나답게	1
나들이객	1
나부터	1
나와	1
나은	1
나인원	1
나주	1
나치	1
나토	1
나혜석거리	1
나흘만에	1
나흘에	1
나흘째	1
낙관론	1
낙인	1
낙태	1
낚은	1
난민문제	1
난민에겐	1
난수방송	1
난입	1
난타	1
난항	1
날	1
남고	1
남들이	1
남용은	1
남자농구	1
남자배구	1
남자부	1
남천동	1
남해	1
납득할	1
낫다	1
낭독회	1
낳는	1
내가	1
내각	1
내고	1
내년까지	1
내년부터	1
내년에	1
내딛는	1
내려	1
내보내는	1
내부고발자	1
내셔널축구선수권	1
내일부터	1
내주	1
내통	1
내홍	1
낸	1
냉정하게	1
너의	1
넘겨종합	1
넘기고	1
넘긴	1
넘는	1
넘었다	1
넘을까	1
넛크래커	1
넣는	1
넣는다	1
네타냐후	1
네티즌	1
넥센타이어	1
넵튠에	1
넷마블	1
노	1
노동	1
노동이사제	1
노동자들	1
노력	1
노린	1
노무현재단이사장	1
노벨상	1
노선	1
노약자	1
노인	1
노조위원장	1
노치	1
노트	1
노후	1
녹음	1
논문건수는	1
논평종합	1
논하는	1
놀다	1
농구선수	1
농단	1
농도는	1
높으면	1
높은	1
높인	1
뇌물	1
뇌물여부	1
누가	1
누리호	1
누설	1
눈길	1
눈꽃	1
눈물	1
눈앞	1
뉴스룸	1
뉴스테이	1
뉴스판에	1
뉴욕서	1
뉴질랜드서	1
느낌의	1
느린	1
늘었지만	1
늦어	1
늦어지는	1
다	1
다룬	1
다운로드	1
다음에	1
다쳐서	1
다큐	1
다했다종합	1
단	1
단가	1
단계로	1
단기	1
단단히	1
단독	1
단말기자급제	1
단백질의	1
단비	1
단순	1
단일팀	1
단일화	1
단임제로	1
단종설	1
단체	1
단풍맛	1
달	1
달걀	1
달라	1
달러	1
달러매도에	1
달려들었던	1
달아나라	1
담당	1
담판에	1
답해	1
닷새	1
닷새만에	1
당국의	1
당권경쟁	1
당권주자	1
당뇨	1
당대표	1
당대회	1
당론	1
당부	1
당분간	1
당사에	1
당연히	1
당이	1
당한	1
당현실	1
당협위원장들에	1
대	1
대거	1
대결서	1
대경기계기술	1
대관령	1
대남도발	1
대납의혹	1
대량	1
대러	1
대륙별	1
대림씨엔에스	1
대만b에	1
대부분	1
대부업	1
대부업으로	1
대북압박	1
대비태세	1
대사	1
대사급	1
대상에	1
대선쟁점	1
대선후보	1
대수	1
대승	1
대신	1
대안은	1
대역전승	1
대우건설	1
대우증권	1
대응방향	1
대일	1
대전코레일	1
대조	1
대체공휴일	1
대체선박	1
대체자는	1
대출잔액	1
대타로	1
대통령감	1
대패로	1
대폭	1
대표들	1
대표에	1
대표연설	1
대표팀에	1
대피	1
대학교수	1
대한민국	1
대한민국만화대상	1
대한유화	1
대한응급의학회	1
대화로	1
댓글조작	1
더딘	1
더민주무소속	1
더블더블	1
더욱	1
더하면	1
덕에	1
던져	1
던진	1
덜미	1
덜어준다	1
덥다	1
데리다와	1
데뷔	1
데뷔전에서	1
데이비스	1
데이트하듯	1
도난분실	1
도널드슨과	1
도는	1
도발에	1
도시	1
도시공원	1
도시락	1
도심	1
도심서	1
도심속	1
도용	1
도움	1
도입	1
도전장	1
도전적	1
도종환	1
도착한	1
도피	1
독립	1
독립기관	1
독립만세	1
독립성	1
독수리	1
독일서	1
독일전	1
독자들이	1
독주에	1
돈	1
돌려보는	1
돌아보다	1
돌아보며	1
돌입	1
돌입종합	1
돌진	1
동거	1
동기	1
동기보다	1
동두천	1
동료	1
동률	1
동물들	1
동물보호	1
동북권	1
동성애자	1
동시관측	1
동탄2신도시	1
동학농민혁명	1
동해	1
동해무릉제	1
동해안	1
동향	1
동호인이	1
돼도	1
돼야	1
돼지고기	1
됐나	1
됐다	1
되겠다	1
되면	1
되자	1
될것	1
두고	1
두달만에	1
두번째	1
두산그룹	1
두산분당센터	1
두차례	1
둔화	1
둘러보는	1
둘러싼	1
뒤	1
뒤집었다	1
뒤쫓아	1
뒤흔드나	1
뒷돈	1
뒷배	1
듀랜트	1
드라마	1
드라마본부	1
드루킹	1
득실	1
든	1
든든하네	1
듣고	1
들어	1
들어서도	1
들이는	1
듯종합	1
등급	1
등락	1
등에	1
등원	1
등재	1
등판	1
디스플레이	1
디애슬레틱	1
디자인	1
디자인이	1
디지털	1
디펜딩챔프	1
딜레마	1
따뜻함	1
따뜻해져	1
따라	1
따져보니	1
딱지	1
땅에도	1
때리기의	1
때문에	1
때보다	1
때울	1
떠나	1
떠나는	1
떠나다	1
떠나라	1
떠날	1
떨어져	1
떨치려	1
뗄까	1
또는	1
똑같은데	1
뚜루루뚜루	1
뚝	1
뛰고	1
뜨거운	1
뜨거웠다	1
라건아	1
라디오서	1
라바리니호	1
라벤더	1
라이스	1
라이언의	1
라이트백	1
라인업	1
라인프렌즈	1
라즈베리	1
랜섬웨어의	1
러서방	1
러시아로부터	1
러츠	1
레드	1
레바논	1
레시피	1
레알	1
레오강	1
레이블로	1
레이스	1
레이커스	1
레저	1
레전드	1
로드리게스	1
로미오와	1
로버츠	1
로저스	1
로즈	1
론칭	1
롤러코스터	1
롯데건설	1
롯데수사	1
롯데카드	1
롯데호텔서울	1
루	1
루니	1
루브르	1
루스	1
루지	1
류중일	1
류현진의	1
르포	1
리거	1
리니지m	1
리바운드	1
리비아	1
리빌딩	1
리사이틀	1
리선권	1
리스크	1
리스크업종	1
리커창	1
리쿠드당	1
리터러시	1
리튬전지용	1
링크트인	1
마	1
마감	1
마니아층	1
마당놀이	1
마두로	1
마드리드와	1
마드리드지로나전	1
마러라고서	1
마련	1
마법	1
마비시킨	1
마산문신미술관	1
마시고	1
마식령스키장	1
마음의	1
마이스	1
마지막	1
마차도	1
막말	1
막판까지	1
만나	1
만나는	1
만나러	1
만난	1
만날	1
만남	1
만났다	1
만드는가	1
만드는데	1
만드세요	1
만든	1
만들어드립니다	1
만들어온	1
만류에도	1
만리방화벽	1
만발	1
만의	1
만족	1
만찬장	1
만화	1
만화가	1
만화시편	1
많던	1
많아	1
많은	1
말러	1
말레이시아	1
말리	1
말소	1
말컹	1
말하는	1
맑다가	1
맛울림축제	1
망명	1
망신주기	1
망하게	1
맞대응	1
맞서	1
맞아	1
맞아요	1
맡는다	1
매	1
매각	1
매달린	1
매도에	1
매력	1
매매	1
매머드	1
매입임대주택	1
매직	1
매치서	1
매트릭스	1
맥스	1
맨유	1
맨유에	1
맨유행	1
맨체스터시티	1
맷	1
먹어보고	1
먼	1
먼저	1
멀티골	1
멍	1
메뉴	1
메르켈	1
메르코수르	1
메리	1
메시	1
메이	1
메일	1
멜라니아	1
면담	1
면면도	1
명기	1
명령	1
명백한	1
명성티엔에스	1
명소는	1
명작창작	1
명품	1
모	1
모란봉악단	1
모리셔스에	1
모바일뉴스에	1
모빌리티	1
모색2보	1
모스크바	1
모스크바서	1
모아	1
모은	1
모을	1
모자	1
목양면	1
목포	1
목포에	1
목표종합	1
목표주가	1
몰랐다	1
몰려든	1
몰린	1
몰린다	1
몰아	1
못해	1
몽펠리에	1
묘사	1
무가베	1
무관의	1
무대	1
무반주	1
무비데이	1
무사히	1
무서워진	1
무실점	1
무안타	1
무엇이	1
무엇인가종합	1
무역	1
무역위	1
무역협상	1
무용론	1
무제한	1
문건	1
문건은	1
문서상	1
문신	1
문예위원장	1
문재인	1
문제종합	1
문학단체들	1
문화로	1
문화예술인에	1
문화유산	1
문화재단	1
문화재에	1
문화재재단	1
문화재청	1
묻혀	1
물	1
물꼬	1
물담배	1
물든	1
물러나는게	1
물밑	1
물어봐라종합2보	1
물어봐야	1
물어야	1
물타기	1
뭔가	1
뮌헨전	1
뮤지엄	1
뮤직나잇	1
뮬러	1
미국과	1
미국도	1
미국민	1
미국발	1
미국서	1
미국특허	1
미군이	1
미니	1
미래당	1
미래부	1
미래부장관	1
미래아이앤지	1
미래에	1
미래에셋	1
미래에셋대우	1
미래의	1
미분양	1
미사일에	1
미생물	1
미셸	1
미술관	1
미안하다는	1
미얀마	1
미중	1
미중갈등으로	1
미치는	1
미코	1
미혼남녀	1
미흡	1
민	1
민간자본	1
민생	1
민생고	1
민음	1
민음사	1
민정수석과	1
민주당	1
민주언론상에	1
민주주의	1
민중가수	1
밀리던	1
밀수	1
밀양	1
바가지업소	1
바꾼	1
바꿀	1
바꿔보자	1
바뀐다	1
바다	1
바다분수	1
바다에도	1
바라는	1
바라보는	1
바라봐야	1
바르셀로나	1
바른미래	1
바쁜	1
바이올렛	1
바흐	1
박	1
박광온	1
박기수	1
박기원	1
박기원최태웅	1
박물관	1
박병호	1
박세진	1
박수	1
박영선	1
박영수	1
박주호	1
박준영	1
박항서의	1
박혜민	1
반가운	1
반갑다	1
반격의	1
반격카드	1
반군	1
반기	1
반기문	1
반도체	1
반도체라인	1
반드시	1
반미정서	1
반민특위	1
반박	1
반복됐던	1
반복종합	1
반복한	1
반성	1
반세기	1
반영	1
반영한	1
반입	1
반전	1
반한	1
반환점	1
반환하나	1
받는	1
받는다	1
받아	1
발	1
발걸음	1
발견돼	1
발견한	1
발광	1
발기인	1
발길	1
발대식	1
발령종합	1
발매	1
발사체사업본부	1
발생	1
발언에	1
발의카드로	1
발전	1
발족	1
발판으로	1
발표종합	1
발행액	1
밝힐것	1
밤	1
밤까지	1
밤늦게	1
밤샘	1
밤의	1
방	1
방러	1
방문객	1
방문길	1
방문에	1
방문한	1
방법으로	1
방북	1
방북단	1
방송대상	1
방송통신위원회	1
방위비분담금	1
방정오	1
방지책	1
방화	1
배구	1
배송사고	1
배아	1
배트	1
배틀그라운드	1
백두산	1
백선생	1
백업	1
백원우	1
백화원	1
버라이즌	1
버스	1
버튼	1
번꼴	1
번지는	1
번호유출	1
벌려종합	1
벌써	1
범죄	1
범죄자	1
법과	1
법률	1
법리점검	1
법안에	1
법원서	1
법정에	1
법조	1
벗겠다	1
벗어나자	1
벚꽃	1
베네치아	1
베이브	1
베이징	1
베트남과	1
베트남으로	1
베팅	1
벤피카	1
벵거	1
벽	1
벽돌폰부터	1
변경	1
변경회생계획	1
변론	1
변천사	1
변하는	1
변했나	1
변호사서	1
변희재	1
별개	1
보고대회	1
보고서	1
보내	1
보도는	1
보도한	1
보도할까	1
보란듯	1
보러	1
보령	1
보류	1
보류에	1
보류종합	1
보릿고개	1
보복관세	1
보스턴	1
보안기능	1
보여	1
보이콧	1
보잉	1
보잉737맥스	1
보잉기	1
보자	1
보조금	1
보증	1
보증연장	1
보편요금제	1
복덩이	1
본격적인	1
본격화	1
본받아야	1
본부장	1
본선	1
본토	1
볼까	1
봉변	1
봉사활동	1
봐야	1
부각	1
부결	1
부대에종합	1
부동산114	1
부문장이	1
부분	1
부사장	1
부산서	1
부산시당	1
부산지역	1
부상	1
부상으로	1
부상자명단	1
부실채권	1
부양하는	1
부여된	1
부위원장	1
부인	1
부자증세부터	1
부장관	1
부정	1
부족	1
부지내	1
부지에	1
부진에도	1
부처별	1
부회장	1
북동부서	1
북미회담	1
북방정책	1
북서부서	1
북소행설은	1
북적	1
북클럽	1
북한과	1
북한은	1
북한인권법	1
북핵	1
북핵개발	1
분기매출	1
분당에	1
분데스리가	1
분란	1
분란속	1
분리공시	1
분사	1
분석	1
분수령으로	1
분신	1
분양	1
분양물량	1
분양시장	1
분양심사	1
분양행복주택	1
분쟁조정	1
분쟁지역에	1
불	1
불가능	1
불량	1
불만	1
불면	1
불발탄	1
불법사용	1
불씨는	1
불원	1
불응	1
불투명종합	1
불투명한	1
불티	1
불편	1
불편해	1
불확실성	1
불확실성이	1
불황	1
붉은	1
붐	1
붕괴로	1
붙잡는	1
뷰티	1
뷸러	1
브렉시트부	1
블랙리스트	1
블랙리스트에	1
블랙홀	1
블룸버그는	1
비결	1
비결은	1
비까지	1
비너스	1
비만	1
비박과	1
비상	1
비상경영체제	1
비서	1
비서실장	1
비수	1
비에이치아이	1
비은행	1
비자신청	1
비중	1
비통일규격주권	1
비트코인	1
비판	1
비판론	1
비판여론에	1
비판적	1
비확산회의	1
빅데이터	1
빅데이터가	1
빅딜종합3보	1
빚내서	1
빚은	1
빠르다	1
빠져	1
빼	1
뺀다종합	1
뼛조각	1
뿐	1
뿔난	1
사고	1
사고로	1
사과	1
사과속보	1
사과했다속보	1
사그라들지	1
사기	1
사냥	1
사는	1
사드	1
사드방중	1
사드배치	1
사드보복에	1
사람들과	1
사랑한	1
사령탑	1
사령탑으로	1
사로잡았다	1
사망자	1
사망종합2보	1
사법개혁안	1
사상	1
사실과	1
사실상	1
사악한	1
사안들	1
사업자	1
사용자	1
사우디도	1
사우스캐롤라이나	1
사이버	1
사이버위기대응	1
사이버폭력	1
사이언스	1
사이트	1
사임	1
사전캠프	1
사전투표	1
사진	1
사진전	1
사천성	1
사칭	1
사태	1
사퇴	1
사퇴하라	1
사표수리	1
사형	1
사회	1
사회를	1
사회적	1
사흘	1
삭감	1
삭제해	1
삭제했다가	1
산나물	1
산나물축제	1
산낙지	1
산다	1
산불현장처럼	1
산업기술에	1
산재	1
산정때	1
산지	1
살	1
살리기	1
살면	1
살인사건	1
살필	1
살해	1
살해하고	1
삶이	1
삼강엠앤티	1
삼성과	1
삼성스팩2호	1
삼성엔지니어링	1
삼성의	1
삼성전기	1
삼성전자와	1
삼성페이	1
삼성화재에	1
삼진만	1
상	1
상담센터	1
상대로	1
상벌위에	1
상생발전	1
상생협력시대	1
상선	1
상설공연	1
상승추세	1
상시	1
상업	1
상원	1
상장	1
상정	1
상징	1
상폐	1
상품	1
상품촬영	1
상호주의	1
새긴	1
새내기	1
새누리당	1
새누리당이	1
새대표	1
새로	1
새만금	1
새벽	1
새해	1
색상	1
샌더스	1
샌프란시스코	1
생가에	1
생각	1
생겼어요	1
생명수	1
생방송	1
생산	1
생산량	1
생산속도	1
생산용	1
생성비밀	1
생애	1
생존법	1
생체삽입형	1
샤프론	1
서	1
서라	1
서머타임제	1
서명후	1
서방에	1
서북	1
서브	1
서아프리카	1
서울교통공사	1
서울서	1
서울시청	1
서울시향	1
서울에	1
서천	1
서포터즈	1
서피비치서	1
서해안	1
서효인	1
석달간	1
석유시설	1
석유왕국	1
선거연령	1
선거캠프	1
선관위	1
선다	1
선동	1
선물	1
선수가	1
선수단	1
선수에	1
선양	1
선언하는	1
선전용	1
선전포고	1
선제적	1
선주협회장	1
선진국의	1
선출	1
선출종합	1
선택한	1
선행	1
설국	1
설득	1
설립	1
설명해야	1
설명회	1
설악산	1
설에	1
설욕하고	1
설욕할까	1
설전	1
설정액	1
설치	1
설치돼	1
섬	1
성난	1
성남	1
성능	1
성능을	1
성료	1
성매매	1
성명	1
성범죄	1
성사	1
성사한	1
성수기까지	1
성수기에도	1
성신양회	1
성장종합	1
성장해야	1
성찰	1
성탄	1
성탄절	1
성황	1
세	1
세계기자대회	1
세계대전	1
세계시장	1
세계적	1
세계최고	1
세대	1
세력	1
세메두	1
세미나	1
세상을	1
세운다	1
세종시	1
세탁기	1
센터	1
셀트리온	1
셀트리온헬스케어	1
셈	1
셧다운	1
셰크먼	1
소극장	1
소나무	1
소년의	1
소동	1
소리	1
소리꾼	1
소비자가	1
소비자단체	1
소설가로	1
소설도	1
소설종합2보	1
소설집	1
소셜	1
소프트웨어	1
소행	1
소형	1
속도	1
속도로	1
속초	1
손본다	1
손석희	1
손안에서	1
손에	1
손으로	1
손익악화	1
손학규	1
손학규와	1
솔릭	1
송건호	1
송영무를	1
송유관	1
송호근	1
쇼케이스	1
쇼핑	1
수교	1
수뇌부	1
수단	1
수단서	1
수립	1
수복지구는	1
수비수	1
수사결과에	1
수사해야	1
수상작	1
수색	1
수소	1
수술	1
수여식	1
수원에	1
수익금	1
수익률	1
수익시설	1
수일	1
수입량	1
수정한	1
수조원	1
수출업체	1
수치	1
수행원들과	1
숙박음식점업	1
숙소	1
숙인	1
순방	1
순위변동	1
순위표	1
순유출	1
순이익	1
순조	1
술은	1
숨	1
숨고르기	1
숫자로	1
쉰다	1
쉴수	1
쉽게	1
쉽지	1
슈만의	1
슈텐츠	1
슈톨퍼슈타인	1
슈퍼마켓도	1
슈퍼컴	1
슈퍼화요일	1
스낵	1
스마트시티	1
스마트제조혁신과	1
스마트폰사업	1
스마트폰에	1
스모그에	1
스웨덴	1
스웨덴행	1
스크린골프	1
스크린이	1
스키장	1
스토어카메라	1
스튜디오드래곤	1
스트리밍	1
스팅	1
스팸	1
스페셜올림픽	1
스페인서	1
스포츠도시	1
스피커	1
슬라이더	1
슬로건은	1
습관을	1
승리는	1
승리종합	1
승리투수	1
승부욕	1
승인	1
시간	1
시간외	1
시그니처	1
시내버스	1
시대와	1
시대의	1
시도	1
시동	1
시리아서	1
시리아인	1
시리즈	1
시멘트부두	1
시민속으로	1
시범경기	1
시베리아로	1
시상식	1
시선	1
시속	1
시아파	1
시와	1
시위대	1
시인	1
시장과점	1
시점	1
시점은	1
시조카	1
시중통화량	1
시집	1
시큐리티	1
시하다	1
시한	1
시험	1
시흥	1
식민지	1
신	1
신공항	1
신관	1
신규가입	1
신규상장	1
신년	1
신년담화	1
신년음악회는	1
신년회	1
신동주	1
신뢰도	1
신문	1
신문1면에	1
신문의	1
신미사일방어전략	1
신민당	1
신바람	1
신반포	1
신설종합	1
신성철	1
신승	1
신영철	1
신원	1
신인드래프트	1
신임대사	1
신임장	1
신입사원	1
신작	1
신저가종합	1
신주	1
신중한	1
신청	1
신청받는다	1
신청받아	1
신한금투	1
신한지주	1
신화마을	1
실	1
실검	1
실속형	1
실업팀	1
실외활동	1
실전	1
실제는	1
실제흐름	1
실질협력	1
실태와	1
실태조사	1
실행계획	1
실행한	1
실현불가능한	1
실효성	1
심사	1
심사로	1
심슨	1
심야의총	1
심장	1
심하면	1
십리대숲	1
싱가포르	1
싶었는데	1
싶었지만	1
싶은	1
쌀	1
쌍포	1
쌓기	1
썼다	1
쏟아진다	1
쐐기타	1
쓰레기장	1
쓰일	1
쓴	1
쓴다	1
쓴소리	1
쓸	1
아기상어	1
아너소사이어티	1
아니다	1
아니다종합	1
아닌데	1
아동강제동원	1
아들과	1
아람코	1
아랍국가	1
아르헨에	1
아름다운	1
아리스포츠컵	1
아마존	1
아마존도	1
아모레퍼시픽	1
아버지와	1
아부다비	1
아산나눔재단	1
아스널	1
아시아	1
아시아나	1
아웃	1
아이디	1
아이디어가	1
아이스크림	1
아이오와	1
아이템	1
아이폰	1
아이폰8	1
아이폰x	1
아이폰의	1
아치	1
아침	1
아침까지	1
아카데미	1
아틀레티코	1
아프간	1
아프리카	1
아프리카돼지열병	1
악성	1
악성메일	1
악성코드	1
악재에	1
악화	1
안기고	1
안내	1
안내책자	1
안랩	1
안맡고	1
안보	1
안보리	1
안보지원사	1
안심대출	1
안심번호	1
안심벨소리	1
안영준	1
안전	1
안전망	1
안전지대	1
안전한	1
안정된	1
안정적	1
안정조치	1
안타까운	1
안해종합	1
안해종합2보	1
안혜진	1
앉는	1
않겠다	1
않고	1
않기	1
않기로	1
않는다	1
않아종합	1
않았다	1
않았지만	1
않으려고	1
않은	1
않을	1
알가르베컵	1
알다	1
알던	1
알렉사	1
알려달라	1
알리면	1
알아야할	1
알파고	1
암세포	1
암줄기세포	1
암호화	1
압박종합2보	1
압수수색	1
압수수색종합3보	1
압승	1
앞서종합	1
애틀랜타	1
애플워치3	1
애플의	1
액션캠	1
액티브x	1
액티비티	1
액티비티로	1
앱종합	1
앳킨슨	1
앵커	1
야	1
야간	1
야구경기를	1
야구대회	1
야외서	1
약	1
약발	1
약속종합	1
약진	1
양경규	1
양산시청에	1
양성	1
양성원	1
양손잡이	1
양심고백	1
양심도	1
양양	1
양키스	1
양해각서	1
양호	1
양호한	1
얘기	1
어느	1
어디로	1
어디서	1
어떤	1
어려울	1
어렵다속보	1
어렵죠	1
어린이	1
어버이날	1
어버이연합	1
어빙	1
어산지	1
어선	1
어제보다	1
억류	1
억제종합	1
억지	1
억지사과	1
언급	1
언론노조	1
언론상에	1
언론소송	1
언론의	1
언론이	1
언팩	1
얼라이언스	1
엄마	1
업	1
업체	1
없다종합2보	1
없도록	1
없어vs당사에	1
없이	1
에	1
에너지	1
에넥스텔레콤	1
에르도안	1
에미레이트항공	1
에버랜드로	1
에서	1
에스티팜	1
에어버스	1
에이앤티앤	1
에코	1
에콰도르	1
에티오피아	1
엑소더스	1
엔씨문화재단	1
엔씨소프트	1
엔트리	1
엘드림	1
엡스타인	1
여	1
여기까지	1
여는	1
여론조작	1
여부	1
여성대통령	1
여야정	1
여자부	1
여자축구	1
여자축구에	1
여전	1
여중	1
여행소식	1
여행수입	1
여행에세이	1
여행의	1
여행자의	1
여행지급	1
여행할	1
역대	1
역부족	1
역사상	1
역사와	1
역사의	1
역사적	1
역설	1
역수출	1
역전	1
역전승	1
역전패	1
역풍	1
역할	1
연	1
연간	1
연관	1
연구가	1
연구비관리시스템	1
연구시설	1
연구책임자	1
연구팀	1
연기	1
연기된	1
연기될	1
연내	1
연대한다면	1
연동	1
연루	1
연말	1
연명으로	1
연봉은	1
연속골	1
연애	1
연예인	1
연이틀	1
연준	1
연체율	1
연출의	1
연합뉴스	1
연합뉴스를	1
연합체에	1
연행	1
연휴	1
연휴로	1
열	1
열대야는	1
열린	1
열흘	1
열흘간	1
염탐	1
영공	1
영국	1
영국서	1
영동	1
영불해협	1
영빈관	1
영어학습서	1
영업이익	1
영업익종합2보	1
영예종합	1
영웅묘역	1
영장심사	1
영향	1
영향력	1
영향은	1
영향줬나종합	1
영화	1
영화관서	1
옅은	1
예	1
예고	1
예금	1
예루살렘	1
예멘	1
예비입주자	1
예비후보	1
예산안	1
예산팽창에	1
예상	1
예선	1
예술원	1
예약	1
예의주시	1
예전같지	1
예정대로	1
예측불허	1
예탁원	1
옐런	1
옛길	1
오고	1
오너를	1
오늘도	1
오동재	1
오디오북센터	1
오락솔	1
오른다	1
오른다는데	1
오리온에	1
오만	1
오만한	1
오바마의	1
오바마케어	1
오바메양	1
오버행	1
오브	1
오세요	1
오싹한	1
오재일	1
오전까지	1
오찬	1
오후에	1
오후에도	1
옥새행방	1
옥수수	1
옥천	1
온다	1
온라인대출정보연계	1
온라인으로	1
온통	1
올겨울	1
올랜도	1
올레tv모바일서	1
올레드	1
올려야	1
올여름	1
올해도	1
올해부터	1
옳았다종합	1
옷값	1
완공	1
완만한	1
완벽하진	1
완전무장	1
완전자급제	1
완투	1
완파하고	1
왓챠플레이	1
왓츠앱	1
왕웨이중	1
왕이	1
왜곡	1
외계행성	1
외교관	1
외교실수	1
외교안보	1
외교안보라인	1
외교장관	1
외교장관회의	1
외국유조선	1
외국인이	1
외국회사	1
외면	1
외무	1
외부	1
외신	1
외에	1
외쳐라	1
외형	1
왼쪽	1
요구	1
요구돼	1
요구안해	1
요금	1
요금할인율	1
요양병원	1
요원	1
요즘	1
요청에	1
욕	1
용기에	1
용평	1
우라늄	1
우려종합	1
우리	1
우리가	1
우리금융	1
우리금융지주	1
우리들제약	1
우리에게	1
우리와	1
우리은행	1
우병우	1
우산혁명	1
우선협상대상자로	1
우승에	1
우승은	1
우승하고	1
우의	1
우주개발	1
우주쇼	1
우회앱	1
욱일기	1
운동권	1
운명으로	1
운항	1
운항중단	1
울려	1
울지	1
웃으면서도	1
워싱턴서	1
원내대책회의	1
원내대표에	1
원내대표와	1
원로와	1
원로자문단과	1
원맨	1
원숭이	1
원자력에	1
원자재	1
원점서	1
원정명단	1
원조반입	1
원팀	1
원해도	1
월	1
월간	1
월드비전에	1
웨스트브롬	1
웹소설	1
웹툰	1
웹툰스토리	1
위	1
위기극복을	1
위기종합	1
위메프서	1
위배	1
위안부	1
위안화	1
위원장	1
위원회	1
위조방지에	1
위키리크스	1
위험한	1
위협	1
위협적	1
윈터리그	1
윌림	1
유가의	1
유가인상	1
유남석	1
유니시티	1
유럽의회	1
유럽증시	1
유력	1
유력종합	1
유료관중	1
유리	1
유명산	1
유방암	1
유보1보	1
유사	1
유세종합	1
유시민	1
유엔	1
유엔난민기구	1
유엔도	1
유엔총회	1
유영민	1
유은혜	1
유의해야	1
유입	1
유전	1
유전자	1
유지속보	1
유지한	1
유진테크	1
유커	1
유튜버도	1
유플런서	1
유해물질	1
유혹의	1
육성	1
윤관석	1
윤상현	1
윤석산	1
윤태호	1
으뜸기업	1
은평스카이뷰자이	1
은행	1
은행권	1
은행노조	1
음바페에게	1
음반	1
음성	1
음식	1
음식점	1
음악	1
음악가를	1
음악감상용으로도	1
응급환자	1
응시	1
응원단	1
응해야	1
의견	1
의결	1
의구심	1
의도	1
의료기기에	1
의료비	1
의문도	1
의사	1
의석	1
의식하며	1
의심종합	1
의정보고회	1
의제	1
의존	1
의지	1
의혹은	1
의회	1
의회서	1
이그제큐티브타워로	1
이기는	1
이닝	1
이달	1
이대호	1
이동종합	1
이동통신	1
이라크	1
이라크서	1
이란과	1
이랜드	1
이례적	1
이례적으로	1
이룬	1
이마진	1
이미지	1
이민아	1
이민자	1
이북	1
이사회	1
이상범	1
이상징후	1
이상화	1
이색	1
이소영	1
이승우	1
이식	1
이어	1
이어져종합2보	1
이어진	1
이영택	1
이용	1
이용찬	1
이유	1
이익	1
이인영	1
이인영2보	1
이자비용만	1
이재영	1
이적	1
이적설	1
이전	1
이착륙	1
이탈리아스웨덴	1
이태원	1
이통3사	1
이통사도	1
이통시장	1
이틀	1
이해못해	1
인가받아	1
인간	1
인공지능에서	1
인구	1
인권단체	1
인권보도상	1
인권선언	1
인권운동가	1
인권위기자협회	1
인기몰이종합	1
인도	1
인도시장서	1
인도양	1
인류학자가	1
인명피해	1
인민배우	1
인민보안부장	1
인민보안상	1
인민에서	1
인사종합	1
인사청문회	1
인사하는	1
인상될	1
인수합병	1
인스타그램	1
인스티튜트에	1
인스퍼	1
인재육성	1
인정	1
인정안해	1
인종	1
인천국제공항	1
인천마카오	1
인천유럽	1
인터넷은행	1
인프라	1
인하에	1
인해전술	1
일	1
일괄	1
일교차	1
일궈낸	1
일대	1
일문일답	1
일보후퇴	1
일본서	1
일본어판	1
일본에	1
일본전	1
일부	1
일자리만들기	1
일정	1
일정으로	1
일정재개	1
일제	1
일지	1
일하고	1
일환	1
잃어버린	1
잃을수도	1
임대형	1
임명	1
임명공직	1
임무	1
임박	1
임박한	1
임상	1
임신	1
임원들	1
임원진	1
임종헌	1
임할	1
입김	1
입맛에	1
입성종합	1
입은	1
입장	1
입장표명에	1
입점	1
입찰참가	1
잇따라	1
있는	1
잉글우드랩	1
자금세탁방지기구	1
자기주식	1
자녀와	1
자료는	1
자리에	1
자문료	1
자문위	1
자문위원장	1
자본	1
자본주의	1
자산관리세미나	1
자유침해	1
자율규제	1
자율삭제	1
자율성	1
자율주행	1
자전거	1
자체	1
자치권	1
자택	1
자평	1
자회사로	1
작가들	1
작가들의	1
작은	1
작품	1
잔디	1
잘못	1
잠	1
잠금화면	1
잠실구장	1
잠을	1
잡아낸다	1
잡지를	1
장기채무	1
장기화	1
장마	1
장마당	1
장맛비	1
장벽예산	1
장병완	1
장부	1
장사익	1
장신세터	1
장착	1
장학금	1
재건축	1
재계약	1
재계약이요	1
재래시장	1
재무	1
재무안전성	1
재무책임자	1
재선	1
재선임종합	1
재임명	1
재정건전성	1
재진입체	1
재출격	1
재판받을	1
재해석한	1
재현해	1
재활용	1
잿빛	1
쟁점화	1
저녁까지	1
저농축	1
저도	1
저명	1
저수지	1
저울질했던	1
저자가	1
저점	1
저지종합	1
저질정보	1
저출산대책까지	1
저항의	1
적금	1
적설종합	1
적응	1
적자도	1
적자전환	1
적재적소	1
전경련	1
전국에	1
전기	1
전기비행기	1
전년	1
전년동기비	1
전략자산	1
전력	1
전력굴기	1
전력투구	1
전력회사	1
전말기	1
전면폐지	1
전문성	1
전반적	1
전부터	1
전분기	1
전분기보다	1
전송기술	1
전시	1
전시공간	1
전시작가	1
전용망	1
전원	1
전쟁의	1
전주한옥마을종합	1
전지	1
전처	1
전체	1
전초기지	1
전투기	1
전투장비	1
전파	1
전파기술	1
전파해요	1
전패	1
전해질	1
전해철	1
전환	1
절반으로	1
절벽에	1
절실히	1
절차	1
절하할까	1
젊은층	1
점령한	1
점심	1
점유율	1
점포	1
접근	1
접촉하지	1
정	1
정갑석	1
정경두에	1
정권	1
정권교체	1
정권연장	1
정기연주회	1
정당	1
정동	1
정동야행	1
정무장관직	1
정밀타격	1
정보보안	1
정보보호대상	1
정보에	1
정보위	1
정보통신서비스	1
정부기관	1
정부정책	1
정상급과	1
정상화	1
정상회담때	1
정상회담종합3보	1
정성훈	1
정세균	1
정식	1
정신력	1
정우택	1
정운찬	1
정운호	1
정의당	1
정주영	1
정지석	1
정진석	1
정진호	1
정책	1
정책실장	1
정책워크숍	1
정책협의회	1
정치권	1
정치인생을	1
정치적	1
정협위원	1
정호성	1
제17회	1
제1당	1
제1당은	1
제1야당까지	1
제1회	1
제30회	1
제62회	1
제7차	1
제7회	1
제거	1
제거법	1
제공자	1
제기	1
제대로	1
제로에너지	1
제보도종합	1
제시한	1
제압	1
제어	1
제왕	1
제외	1
제임스	1
제작	1
제재로	1
제조능력	1
제조업	1
제주도	1
제출자료	1
제트기일반	1
제패	1
제한적	1
젠20	1
져	1
조각가	1
조강특위	1
조금	1
조기총선시	1
조달물품	1
조달청	1
조석	1
조선일보	1
조선총련	1
조성하자	1
조세회피처	1
조언	1
조작	1
조작설	1
조절로	1
조정식	1
조종사	1
조짐	1
조촐해진	1
조치	1
조현오	1
조화	1
조회공시	1
존속에서	1
존스컵	1
존재	1
좀	1
종교	1
종근당	1
종료	1
종목	1
종업원	1
종업원들의	1
종이	1
종합대회	1
종합적	1
좋다종합	1
좋은	1
좌고우면	1
좌익수는	1
좌절	1
죄송스럽게	1
주가	1
주가급등	1
주권	1
주도에서	1
주독	1
주력	1
주목한다	1
주민의	1
주민투표	1
주사아줌마	1
주상복합아파트	1
주식형	1
주식형펀드	1
주심	1
주장에	1
주주가	1
주주추천공모제	1
주창혁	1
주축	1
주춤	1
주택수	1
죽음의	1
죽지	1
준	1
준다	1
준비됐다	1
준비위	1
준비작업하나종합	1
줄다리기	1
줄리엣	1
줄서기	1
줄어	1
줄었다	1
줄었던	1
줄여야	1
줄줄이	1
중거리	1
중계권	1
중계방송	1
중국경찰	1
중국에	1
중국의	1
중기청장	1
중남미	1
중단	1
중단하라	1
중단할수도	1
중단해야	1
중대고비	1
중대도발	1
중도금대출	1
중동의	1
중력파	1
중소기업	1
중소기업에	1
중심지	1
중앙	1
중요	1
중요한	1
중재	1
중재자	1
중종합	1
중추	1
쥔	1
즉시연금	1
즐긴다	1
증가액	1
증강에	1
증권	1
증권주	1
증명하겠다	1
증언도	1
증인들	1
증평정보고	1
지각	1
지갑	1
지금은	1
지나치게	1
지난주	1
지난해	1
지니	1
지도자	1
지독한	1
지뢰제거	1
지목한	1
지방	1
지방선거서	1
지배지분	1
지붕	1
지속가능한	1
지속종합	1
지역별	1
지역신문발전기금	1
지연하면	1
지옥으로	1
지원금	1
지원금상한제	1
지원사격에	1
지원사업	1
지위	1
지장	1
지적호기심	1
지정된다	1
지중해	1
지지	1
지지도	1
지지에	1
지지하지	1
지지호소	1
지진	1
지진에	1
지켜본다	1
지폐	1
지하디스트	1
지혜	1
지휘의	1
직격탄	1
직격탄에	1
직무정지안	1
직업	1
직원	1
직원에	1
직책	1
진로	1
진먼다오	1
진상조사	1
진실을	1
진심으로	1
진전	1
진지위	1
진행	1
진행종합2보	1
진화	1
질량	1
질문	1
질문세례엔	1
질문에	1
짐바브웨	1
집권	1
집권당	1
집권후반기	1
집주인	1
집중단속	1
집중력	1
집중형	1
짓	1
짓는다	1
징역2년	1
짚와이어	1
짧게	1
짧은	1
찌라시	1
찍었나	1
찔끔	1
찝찝한	1
찢청	1
차고스제도	1
차량	1
차범근축구상	1
차별	1
차분하게	1
차분한	1
차세대	1
차세대소형위성	1
차우찬	1
차원	1
착수	1
착착	1
착한기업	1
찬반양론	1
찬조연설	1
참가	1
참가자	1
참관	1
참배	1
참사	1
참석	1
참석하는	1
참수작전	1
참여가	1
참여기업	1
참전	1
참패	1
창당대회	1
창설	1
창업	1
창업경진대회	1
창원	1
창원에	1
창출	1
찾기	1
찾다	1
찾아낸다	1
찾아서	1
찾은	1
채권형펀드	1
채무불이행	1
채성필	1
채식주의자	1
채용	1
책에	1
책읽기	1
책임	1
챔프	1
챔프전부터	1
처리해야	1
처벌	1
처지	1
천거종합	1
천경자	1
천안함사건	1
천정배	1
철수	1
철수하는	1
철저히	1
철회해야	1
첩보이첩	1
청문회	1
청문회를	1
청문회해야	1
청바지로	1
청소년	1
청신호	1
청약	1
청약에	1
청와대부터	1
체감	1
체니	1
체제의	1
체제전환	1
체조하면	1
체포에	1
체포자는	1
체험기	1
체험단	1
체험존	1
첼로	1
첼리스트	1
첼시리버풀	1
초격차	1
초기	1
초기작	1
초대	1
초등학교	1
초읽기	1
초청작	1
초판본	1
촉매	1
촛불집회	1
총공세	1
총리	1
총리사퇴로	1
총리와	1
총선	1
총자산	1
총장	1
촬영지	1
최강	1
최강추위	1
최강희	1
최고령	1
최고액	1
최고위원	1
최고위원으로	1
최고의	1
최고치	1
최다	1
최대낙폭종합	1
최대변수	1
최부일	1
최선희	1
최소화대책	1
최순실사태	1
최순실에	1
최우수	1
최우수상	1
최장	1
최재경은	1
최저임금	1
최종	1
최종구	1
최초로	1
최태웅	1
최후	1
추가전개	1
추가지원	1
추격	1
추모	1
추모벽	1
추방	1
추신수	1
추억	1
추워	1
추월	1
추적	1
추정물체	1
추진해야	1
추천을	1
축구꿈나무	1
축구대표팀과	1
축구선수	1
축구신화	1
축소	1
축제	1
축하받는	1
축하인사	1
춘천인형극제	1
출격	1
출국	1
출근길	1
출렁	1
출렁다리	1
출마도	1
출범	1
출시합니다	1
출입기자단과	1
출판진흥원	1
출품작	1
춤추는	1
충격패	1
충남	1
충북소식	1
충성맹세	1
충원	1
충장축제	1
충전	1
충전소	1
충청	1
취소	1
취소종합	1
취약	1
취약계층에	1
취업청탁일뿐	1
취하	1
취하겠다종합	1
측	1
측근들	1
치고도	1
치료제	1
치마는	1
치악산	1
친구	1
친구로	1
친문	1
친미	1
친정	1
칠레	1
침해	1
침해대응	1
칩디자이너	1
칭찬	1
카드	1
카드로	1
카르바할	1
카메라앱	1
카오스의	1
카잔	1
카카오	1
카카오맵	1
카카오페이지와	1
카카오프렌즈	1
카타르	1
카타르서	1
카탈루냐	1
카페	1
카페24	1
칼	1
캄보디아	1
캄보디아에	1
캐나다	1
캐나다로	1
캐릭터	1
캐시슬라이드	1
캠프	1
캠핑	1
커	1
커밍아웃	1
커쇼	1
커지는	1
커질	1
커피처럼	1
컨디션	1
컨버전스	1
컬처럴	1
컷오프배제자	1
케냐	1
케냐서	1
케빈	1
케이로스	1
케이뱅크	1
케이스	1
케인	1
코넥스	1
코디	1
코리아세일	1
코바코	1
코스닥벤처펀드	1
코언	1
코코스코프	1
코트에서	1
콘서트	1
콘텐츠	1
콘퍼런스	1
쾌투	1
쿠데타	1
쿠르드군	1
쿠르드족	1
쿡으로	1
퀀텀닷oled	1
크	1
크로아티아그리스	1
크리에이터	1
클라우드	1
클래식과	1
클럽메드	1
클립	1
키운다	1
킹	1
타법인	1
타율	1
탄	1
탄자니아서	1
탄핵여론	1
탈꼴찌	1
탈당배수진	1
탈레반	1
탈북민	1
탈출	1
탈퇴파	1
탈피	1
탈환	1
탐색	1
탐색한	1
탑승자	1
탑재	1
탓	1
탕평채	1
태국	1
태국에서	1
태권도시범단	1
태극전사	1
태백시	1
태블릿	1
태블릿pc	1
태양의	1
태운다종합2보	1
태워	1
태풍의	1
탬파베이	1
터키서	1
터키에	1
털썩	1
테라젠이텍스	1
테러로	1
테러방지법	1
테러조직	1
테리	1
테슬라	1
테이크아웃	1
테일러	1
테헤란	1
톈진에	1
토론	1
토론토	1
통수권	1
통신3사	1
통신공룡들의	1
통신비	1
통신사	1
통역과	1
통일	1
통일농구	1
통제	1
통제당해	1
통제할까	1
통증	1
통학	1
통할까	1
통합	1
통합정부	1
통합한다	1
통해	1
통해요	1
통화유출	1
퇴근길	1
퇴사	1
퇴사자	1
퇴진	1
투수가	1
투옥	1
투자계약	1
투자협약	1
투표	1
투표소	1
투표율	1
트는	1
트럼프김정은	1
트럼프로	1
트럼프에	1
트럼프와	1
트레이너	1
트리폴리	1
특가판매	1
특검보고서에	1
특급열차	1
특별	1
특별당비	1
특별점검	1
특별한	1
특수부	1
특정국가	1
특정인	1
특허출원	1
특허침해	1
특활비	1
틈새공략도	1
티켓	1
틸러슨	1
틸먼	1
팀	1
팁	1
파동	1
파동에	1
파악	1
파업으로	1
파이터	1
파일	1
파주	1
파키스탄	1
파튜의	1
파티	1
판	1
판교점	1
판단	1
판단할	1
판매량	1
판매은행에	1
판작업진행중	1
팔꿈치	1
팔며	1
팝스타	1
팟캐스터가	1
패	1
패권탐욕	1
패러다임	1
패럴림픽	1
패배	1
패스트트랙	1
패싱	1
패장	1
패트리엇	1
패하고도	1
팬	1
퍼레이드	1
퍼지는	1
펀드	1
펀드서	1
페널티킥	1
페덱스	1
페리선에	1
페스티벌	1
페이스북에	1
페이코	1
펜스	1
편도항공권	1
편성	1
편안하게	1
편입	1
편집	1
편집에	1
평가한다	1
평가해주실	1
평양서	1
평창서	1
평창올림픽	1
평화	1
평화당	1
평화올림픽	1
평화의	1
평화통일	1
폐기물	1
폐막식	1
폐쇄때	1
폐지	1
포르투갈	1
포수	1
포스터	1
포스트	1
포스트시즌	1
포장	1
포틀랜드에	1
포함	1
포항은	1
포효한	1
폭격기	1
폭동	1
폭발사고	1
폭염주의보	1
폭탄	1
표심	1
표어	1
표준화	1
표지논문	1
푸틴김정은	1
풀어줄	1
풀었다	1
품고	1
풍계리	1
풍랑	1
풍력	1
풍성	1
퓨처리스트	1
프랑스	1
프랑스서	1
프럼파스트	1
프레스코	1
프렌즈	1
프로골퍼	1
프로그램	1
프로스포츠	1
프로축구연맹	1
프로필	1
프리미어12	1
플래그	1
플랜트	1
플레이	1
플레이어에	1
플로	1
플로리다서	1
피닉스	1
피랍	1
피살	1
피습	1
피우면	1
피의	1
피의사실	1
피칭	1
피해보다	1
피해왔는데	1
피해자	1
필	1
필름	1
필리핀	1
필리핀인들	1
필수	1
필요조건은	1
필요종합	1
필요한	1
필요한가	1
필요해	1
필요했다	1
하나금융	1
하나원	1
하나은행	1
하노버서	1
하는	1
하늘광장	1
하락에	1
하루	1
하만	1
하세요	1
하위권	1
학교	1
학교비정규직	1
학생	1
학생들	1
학술지	1
한경연	1
한계차주에	1
한국경제	1
한국고대사	1
한국과학기술연구원	1
한국관광공사	1
한국멕시코전	1
한국비자신청센터	1
한국시인협회	1
한국여자배구	1
한국유럽연합	1
한국의	1
한국인터넷기자협회	1
한국전	1
한국주행사	1
한국투자	1
한국행	1
한남	1
한달	1
한라산	1
한미동맹	1
한미약품	1
한민족방송의	1
한반도기	1
한반도를	1
한불	1
한세실업	1
한숨돌린	1
한식	1
한신평	1
한옥	1
한전배구단	1
한전의	1
한정애	1
한줄기	1
한중	1
한진	1
한진해운	1
한파	1
한파경보	1
한파특보	1
한화전	1
할	1
할말	1
할인	1
합니다	1
합동	1
합류	1
합의안	1
합의에	1
합의할	1
핫플레이스	1
항공	1
항공권	1
항공기	1
항암유전자	1
항우연	1
항저우로의	1
해갈에	1
해고	1
해상	1
해소	1
해수부	1
해양경찰청	1
해양구조물	1
해외	1
해외발전사업	1
해운사	1
해임	1
해킹	1
해피오더와	1
핵무기	1
핵문제	1
핵보유	1
핵시설	1
핵실험	1
핵심	1
핵탄두	1
행운의	1
행정절차	1
행정처리	1
향기	1
향상	1
향상한다	1
향하는	1
향해	1
향후	1
허사비스	1
허영만	1
허용	1
허용한	1
허위조작정보	1
허탕	1
헌	1
헌법재판관들	1
헌법재판소장과	1
헛발질	1
헤드셋	1
헤이더	1
헤일	1
헬기	1
혁신방안	1
현대	1
현대ep	1
현대건설	1
현대건설남동발전	1
현대모비스	1
현대모비스에	1
현대백화점	1
현대차	1
현대차그룹	1
현대차투자	1
현대카드	1
현대홈쇼핑	1
현실	1
현실과	1
현실적인	1
현장검사	1
현지병력	1
현지인들	1
현충원	1
혐오	1
협상없는	1
협약	1
협의에는	1
협의체	1
협치	1
혜경궁	1
혜경궁김씨	1
혜택	1
호기심	1
호날두와	1
호남	1
호남권	1
호남방문	1
호남부터	1
호남지역	1
호르무즈	1
호른	1
호른의	1
호우주의보	1
호우특보	1
호위	1
호응	1
호조	1
호주	1
호텔	1
호평	1
호흡	1
혼란	1
홈	1
홈런더비	1
홈페이지서	1
홈피	1
홍남기	1
홍보비	1
홍보해주세요	1
홍세화의	1
홍역	1
홍용표	1
홍콩	1
홍콩시위	1
홍콩에	1
홍콩인권법	1
화성	1
화이브라더스	1
화이트리스트	1
화이트삭스에	1
화장품	1
화재	1
화재로	1
화학	1
확대설치	1
확보한	1
확산하나	1
확신	1
확인	1
확정설	1
환경	1
환경부	1
환골탈태	1
환구시보	1
환담도	1
환멸	1
환영만찬서	1
환호	1
활발	1
활성화	1
활용	1
활용도까지	1
활용해	1
황교안	1
황의조	1
황재균	1
황현산	1
회견	1
회동해야	1
회복2보	1
회부	1
회사가	1
회색인간	1
회수	1
회원	1
회원작품	1
회장에	1
효과	1
효율적속보	1
후끈	1
후보가	1
후보인데	1
후보자	1
후예	1
후원	1
후임	1
후쿠시마	1
훈련한다	1
훼손될	1
휘닉스	1
휴가철	1
휴교	1
휴스턴영화제서	1
휴식	1
휴식기를	1
휴전	1
흉상	1
흐려져	1
흑자	1
흔들림없이	1
흘린	1
흥국생명	1
희망	1
희망을	1
힐러리가	1
힐러리를	1
힐러리와	1
힐러리트럼프	1
힘모아야	1
