id,text
19985,여자농구 신한은행 김단비 3년 연속 올스타 팬 투표 1위
19986,안전진단 받은 BMW 차량 또 불날 뻔…국토부 부실 검사
19987,탈세혐의 사업장 내 비밀금고에 보관 중인 현금 및 금괴
19988,北 쿠웨이트에 식당 열려다 포기 RFA
19989,그래픽 역대 남북정상회담 현황
19990,충북 맑다가 오후에 구름…제천 아침 기온 11.3도
19991,그래픽 네이버 내일부터 모바일웹 첫 화면서 뉴스·실급검 뺀다
19992,GS칼텍스 강소휘 서브로만 5득점 맹폭 감각 찾았다
19993,게시판 원자력안전위원회 방사능방재훈련
19994,미국프로농구 MVP 출신 로즈 미네소타 입단
19995,영천 새마을금고 강도 범행 6시간만에 검거…범행동기 조사
19996,브렉시트 미국영국유럽 중앙은행총재 회동 무산
19997,전세계 스마트폰 성장 끝…삼성 애플과 격차 더 벌려종합
19998,증시신상품 운용·판매보수 낮은 연금전용 로보어드바이저
19999,中 1세대 지휘자 탕무하이 음악의 힘은 한계없다
20000,마크롱의 입 최측근 홍보수석 사임키로…위기 가중
20001,몸집 큰 육식 공룡은 뿔 난 경우 많아
20002,文 국민의당 與 장기집권 도와…호남민 염원 짓밟는일종합
20003,출마선언 마치고 질문에 답하는 송영길
20004,윈팩에 주가급등 관련 조회공시 요구
20005,세계여성의날 기념행사 축사하는 추미애
20006,여행객 사라진 인천공항 입국장
20007,콜린 파월 트럼프는 국가적 수치이자 국제적 왕따
20008,이면도로에 쌓인 눈... 출근길 조심하세요
20009,2·8독립선언 100주년 맞아 도쿄 기념자료실 새 단장
20010,카카오게임즈 제1회 게임 공모전 개최
20011,KT 갤럭시J7 새 모델 단독출시…사전예약판매 개시
20012,최순실 구속한 검찰…국정농단 의혹 수사 급물살 전망
20013,격동의 홍콩 ③혼란 장기화에 금융중심 위상까지 흔들
20014,GS칼텍스 이소영·강소휘 다음 시즌에는 꼭 챔프전에
20015,獨 이란 핵합의 이행 일부중단에 완전 이행해야
20016,섬으로 떠나자…여름 휴가에 좋은 섬 9곳 소개
20017,이란 美와 긴장고조 속 수감자 교환 뜻밖 제안 주목종합
20018,北 우상화 선봉 만수대창작사 사장 20여년만에 교체
20019,강규형 전 KBS 이사 문재인 대통령 상대로 해임취소 소송
20020,한중일 언론의 시각을 듣다
20021,여자농구 신한은행 김단비 19일 고척 돔에서 시구
20022,최고금리 인하로 103만명 혜택…안전망대출 문호 확대종합
20023,美 최고의 인기직업 데이터 과학자…IT 강세 여전
20024,펜스 EU가 이란 제재 깨려해 직격…폴란드서 이란 놓고 신경전종합
20025,위기타개 위해 사회적 대토론 마이크 잡은 마크롱
20026,삼성 스크린 결함 논란 갤럭시 폴드 중국 공개행사 연기
20027,KISTEP 개도국에 한국 RD 시스템 소개
20028,터키 법원 유력 야당 정치인에게 징역 9년 8개월 선고
20029,벼랑 끝에 몰린 MLB 세인트루이스·워싱턴…마운드 운용 대실패
20030,북한날씨 구름 많음…북부는 저녁부터 눈
20031,러시아 불임부부에 韓 원정임신 인기…연해주만도 月800쌍
20032,무서운 신인 알론소 45호 홈런 쾅…NL 홈런 선두
20033,TV조선 대표 딸에 폭언피해 운전사 부당해고됐다 구제신청
20034,현정부 서울 아파트 실거래가 40% 올라…강북 상승폭 더 커
20035,게시판 KT파워텔 특수형 LTE 무전기 라져 T2 출시
20036,伊 오성운동민주당 연정 협상 삐끄덕…총리 유임 두고 이견
20037,전국 곳곳 폭염특보에 무더위 기승…일부 내륙 오후 소나기
20038,특징주 한진해운 급등 후 급락 전환
20039,SNS돋보기 대한항공 전무 물벼락 갑질 논란…부끄럽지도 않나
20040,청량리농수산물시장 화재 진화 작업
20041,게임정보 넷마블 더 킹 오브 파이터즈 올스타 출시 外
20042,북한접경 中상인들 한반도위기 결국 사라질 것…투자준비
20043,佛검찰 폭행 사주 사우디 공주에 징역형 집행유예 구형
20044,김정은 싱가포르 숙소서 외출…김여정·리수용 동행
20045,6년간 소멸된 이통사 마일리지 2천억원 육박
20046,MWC 2018 비주얼 세대를 위한 폰…삼성 갤럭시S9 베일 벗다
20047,평창올림픽에 외국인 안내 AI 통역로봇 나온다
20048,인도 제1야당 총재 집권하면 모든 빈곤층 기본소득 보장
20049,함평군선관위 5일장 선거캠페인 실시
20050,아시안게임 상처 컸던 영광…선동열 감독 국가대표 ...
20051,순천 후보들 의대유치·도시연합에 한 목소리
20052,레바논 헤즈볼라 이스라엘에 반격할 준비 돼 있어
20053,모바일 메신저 시대…10명 중 6명이 2개 이상 사용
20054,수도권·경북내륙·제주에 오늘 오전 11시 폭염주의보 발효
20055,민주 오늘 중기중앙회 방문…사회적 대타협 간담회 마무리
20056,흥국생명 1위로 올스타 휴식 돌입…인삼공사 10연패 수렁종합
20057,朴대통령 오후 NSC 주재…北 5차 핵실험 결코 용납못해
20058,일연구팀 침팬지·오랑우탄도 입장바꿔 생각한다
20059,설 연휴 호캉스 누려볼까…호텔업계 설 패키지 잇따라
20060,헤일리 前주유엔 美대사 홍콩 진압되면 다음은 대만일 수도
20061,어디든 간다…인도 밀림부터 외딴섬까지 투표소 100만개 설치
20062,평양정상회담 방명록 작성하는 문 대통령
20063,朴대통령 오늘 귀국…거부권 대치정국 해법 주목
20064,감찰 유출 의혹 이석수 특별감찰관 사표 제출종합
20065,김병준 공공부문 전체 일자리 왜곡…서울교통공사 빙산의 일각
20066,SKB 2.5기가 인터넷 국내 첫 상용화…10기가 시대 연다
20067,美매체 가을마다 주저앉는 다저스 외부 FA 게릿 콜 잡아야
20068,특징주 웅진 웅진코웨이 재매각 결정에 급락…장중 신저가종합
20069,페이스북 美 중간선거 7주 앞두고 워룸 가동
20070,손석희 불법취업 청탁과 협박받아…폭행의혹 제기자 고소
20071,브렉시트 현실화 조짐…75% 개표에 탈퇴 51.6%·금융시장 패닉종합4보
20072,문대통령 선의조치 통해 남북미 평화프로세스 흔들림없이 추진
20073,예루살렘 미국대사관 1년…멈추지 않는 팔레스타인 비극
20074,코바코 2분기 광고시장 호황 전망
20075,집권 2년 차 맞는 청와대
20076,미 헝가리서 RFE 27년만에 방송재개…독재 논란 오르반 견제
20077,현대카드 직급체계 단순화 추진…수평적 기업문화 확산
20078,文의장 크리스마스 전 본회의 열어 민생법안 먼저 처리해야
20079,대성에너지㈜ 도시가스 현장업무 모바일로 척척
20080,국민의당 인명진 與 비대위원장 아닌 장례위원장 맡아야
20081,스페인 우파진영 대규모 집회…카탈루냐에 양보 그만
20082,한번 충전해 종일 사용하는 노트북…삼성·LG 배터리 경쟁
20083,캄보디아 쿠데타 저지했다…야당 지도자 귀국 무산됐나종합
20084,도로공사의 관록 vs GS칼텍스의 패기 봄 배구서 격돌
20085,충북은 한국의 칭다오·삿포로…술축제 열어 관광객 유치
20086,국토부 대형 공사장 불시 점검…3개 현장 공사중지
20087,V50 씽큐 구매시 페이백까지…이통사 5G 불법보조금 살포 전쟁
20088,상파울루서 한국 장신구 어제와 오늘 전시회 개최
20089,초강력 태풍 링링 오후 2시30분 북한 황해도 상륙
20090,네이버 자율주행차 핵심센서 개발 이스라엘 기업에 투자
20091,19호골 손흥민 팀내 두 번째 높은 평점 8.64
20092,카카오·DB손해보험 카톡 챗봇 개발 업무협약
20093,KT M모바일 알뜰폰 쓰고 항공사 마일리지도 쌓아요
20094,SK텔레콤의 알찬 갤럭시S8 실구매 혜택
20095,최태웅 현대캐피탈 감독 새 외국인 후보 2명으로 압축
20096,그래픽 전국 해넘이·해맞이 명소
20097,베스트셀러 트렌드 강세 속 펭수 다이어리 관심
20098,이통3사 연말 폭증 해피 뉴이어 메시지·전화 관리체제 돌입
20099,김연경 출전 교통정리…네덜란드·아르헨티나 원정 불참
20100,KBL 전창진 전 감독 대법판결 남았고 리그 구성원으로...
20101,DSR 높은 대출자 한도 줄거나 거절…10월엔 더 깐깐해져
20102,방송 비정규직 화두 꺼낸 서울시…외국은 90% 이상이 정규직
20103,작년 상장사 외형 커졌지만 이익은 부진…순이익 112조원
20104,여자농구 KEB하나은행 삼성생명에 4쿼터 대역전극
20105,김의겸 진보개혁 성향 신문기자 출신…최순실 특종 명성 종합
20106,소니 엑스페리아 XZ1 컴팩트 17일 국내 출시…69만9천원
20107,민주 인사추천委 설치 않기로…추천권한 원칙만 당헌 반영
20108,특징주 뉴프라이드 작년 실적 부진에 하락
20109,잊을만하면 또 수입차 배출가스 조작…이번엔 FCA 적발
20110,멕시코서 울려 퍼질 아리랑…17일 대규모 야외 공연
20111,사우디서 카슈끄지 사건 첫 재판…검찰 5명에 사형 구형
20112,이인영 조국 청문회 가족증인 채택·일정 재연기 불가
20113,카카오톡 자정부터 28분간 먹통…사용자 불편 호소
20114,OK저축은행 레오 종아리근육 손상…한 달 이탈
20115,나이지리아서 시위대 폭력사태로 의회건물 폐쇄
20116,첫 아라비아반도 방문 앞둔 교황…예멘 휴전협정 준수 촉구
20117,조국 수사권조정 법안 보완필요 지적…檢내부 공유도 당부
20118,백악관 입구서 총격 발생…일대 폐쇄 조치2보
20119,불법고용 해결 민주노총 광주시청 점거 농성…충돌 없어종합
20120,트럼프 유세장 이번엔 성추행 의혹·후추 스프레이 분사 논란
20121,이계문 서민금융 재원 부족…정부·금융사 재정지원 늘려야
20122,네이버 뉴스 편집 손 뗀다…검색 중심으로 개편종합
20123,러 외무차관 나토와의 협력 전면 중단…나토가 먼저 거부
20124,두번째 아트아시아 개막…공모전 첫 수상 젊은 작가들 주목
20125,트럼프 압박에도…미 국경넘은 이민자 지난달 7만6천명 돌파
20126,문대통령 연내 답방 가능성 공개 언급…김정은 결단하나
20127,브라운 더블더블 KCC 단독 2위…전자랜드는 3연패
20128,중국 우주 영토 확장 큰 걸음…한국 이제 무인발사체 개발
20129,프로야구선수협 2군·저연봉선수 재활 무상 지원
20130,미국 음악인류학자가 기록한 60년대 국악 모습은
20131,날씨 전국 흐리고 곳곳에 비…태풍 간접영향 강한 비바람도3일
20132,SKT 통신지연 최고 60% 줄인 5GX MEC 개발
20133,날씨 전국 맑지만 대부분 지역 오존농도 나쁨14일
20134,트럼프 무역장벽 강화 예고…똑같이 대응관세 부과
20135,공공디자인 창작보수 기준 정한다…공공디자인포럼
20136,인천·강화군 한파특보 해제…내일 아침 5도
20137,동독의 기억은…獨대학 정부지원으로 동독 연구진행
20138,朴대통령 개인적 인연 믿고 살피지 못해…靑굿판 사실아냐
20139,판문점 선언 남측수행원들과 인사하는 남북정상 부인들
20140,메리츠종금증권 주당 230원 현금배당 결정
20141,문 대통령 기무사 계엄령 문건 독립수사단 구성 특별지시
20142,미국산 쇠고기 EU수출 대폭 확대…대서양 무역갈등 잦아드나
20143,방심위 국보법 위반 판단 온라인 게시물 5년간 8천777건
20144,도로위 차량·정보 5G로 잇는다…LGU 자율협력주행 시연
20145,제17호 태풍 타파TAPAH 진로는
20146,NBA 클리블랜드 반격…인디애나 꺾고 2승 2패 동률
20147,이란 최고지도자 이란 불안케 하려는 적들의 공작 물리쳐종합
20148,KIST 개원 51주년 세계적 연구기관으로 도약
20149,코스닥 16년만에 900선 돌파…코스피도 2520선 탈환2보
20150,추위 누그러져 한파특보 일부 해제…수도권 퇴근길 눈 펄펄
20151,서울 찾은 푸른 데얀 야유 잘 이겨낼 것 VS 글쎄요
20152,코스피 16.76p0.68% 오른 2492.40장종료
20153,8월 건설사 주택경기 전망 여전히 흐림
20154,추신수 9회 대타로 나와 삼진
20155,그래픽 2018 코스피ㆍ코스닥 추이
20156,산은·기은 전경련 내주 탈퇴…금융기관 탈퇴 이어질 듯종합2보
20157,카메룬 해상서 아시아·유럽 선원들 탄 배 1척 피랍
20158,홈쇼핑에서 책과 강연 만나보세요
20159,소설가이자 성공한 경제인…김준성 10주기 선집 발간
20160,삼성페이 국내 누적결제 10조원 돌파
20161,오직 문학으로만 말한 작가 최인훈 작가 별세 애도 물결
20162,정경심 공소장 변경 불허 이유는…기본적 사실관계 바뀌기 때문
20163,네이마르 탈세 형사처벌 면해…브라질 법원 사건 종결
20164,반난민 헝가리 총리 교회에서 유럽의회 선거운동
20165,네이버 통장 나온다…주식·보험·카드 등 금융사업 본격화종합2보
20166,軍 백령도·연평도서 北도발 격퇴 훈련…실전 방불 종합
20167,감기 조심하세요 대구·경북 봄바람 쌀쌀…체감기온 뚝
20168,클래식 전용홀서 듣는 황병기의 가야금 연주
20169,그래픽 네이처 세계 연구기관 2017년 평가 발표…서울대 국내 1위·세계 70위
20170,K리그 최다우승팀 성남 암흑기 거쳐 1부 재입성하기까지
20171,건들락 美국채 10년물 금리 3% 넘으면 주택·주식 시장 피해
20172,유럽 휩쓴 포퓰리즘 포르투갈선 잠잠…집권 사회당 총선 승리종합
20173,그래픽 평창 동계올림픽을 누비는 명품 로봇
20174,홀 디스플레이 탑재한 갤럭시A9 프로 출시…59만9천500원
20175,강서구 전처 살해 피의자 구속…증거인멸·도망 염려속보
20176,부산시티투어 2층버스 기장 관광명소 달린다
20177,KT 지스타 배틀그라운드 모바일 챌린지에 5G 적용
20178,갤럭시노트9 vs 신형 아이폰…하반기 스마트폰 대전 막 올라
20179,월드컵 죽도록 뛰고 눈물 쏟은 태극전사 국민 생각하며...
20180,美 슈퍼화요일 민주 흑백투표…공화 남부표심 반쪽
20181,지방대생과 학부모가 지향하는 최고 가치는 가족 행복
20182,모레까지 전국 맑은 가을날씨…동해안은 내일까지 흐리고 비
20183,VR 봅슬레이·AI 통역…평창올림픽 첨단기술 체험하세요
20184,월드컵 멕시코 에르난데스 오늘까지 즐기고 한국전 준비...
20185,경기하강 獨에 간만에 희소식…7월 수출 0.7% 증가
20186,갤노트7 처리 어쩌나…환불·교환 물량만 50만대종합2보
20187,다주택자 집 팔아라 종부세 높이고 대출 조이고…고강도 대책종합
20188,게시판 미래에셋대우 10개 기관과 핀테크 업무 협약
20189,LGU＋ SKT 공정위 제소…이마트 이통대리점 덤핑
20190,소니코리아 무선 노이즈 캔슬링 헤드폰 WH1000XM3 출시
20191,MLB 다저스 하퍼 대신 폴록과 계약…4년 5천500만달러
20192,中 유엔 제재 속 랴오닝성 대북 전진기지 활용 박차
20193,한진그룹 건설 美 LA 최고층 호텔서 인부 추락사
20194,데코앤이 30억원 규모 전환사채 발행 결정
20195,식중독균으로 암세포 박멸한다…쥐 실험서 효능 확인
20196,朴대통령 野협치·與화합 이어 개각카드 만지작
20197,최태웅 감독 가장 고마운 선수는 이승원 대목에 굵은 눈물
20198,아르헨티나 미국계 헤지펀드에 93억달러 채무 상환
20199,권성동 보복범죄 3년새 47% 급증…대책은 소극적
20200,LG전자 V50 씽큐 알리기…잠실야구장 외야조명탑에 옥외광고
20201,文대통령여야 대표 4개월만에 회동…꽉 막힌 정국 풀릴까
20202,터키 오일 레슬링 축제 보러 오세요
20203,한투증권 삼성물산 4분기 실적 무난…주가 바닥 통과
20204,영하 250도 극저온 측정 효율 향상 저온센서 소자 개발
20205,SK텔레콤 4배 빠른 와이파이 상용화…최대 속도 4.8Gbps
20206,미래 세계질서를 좌우하는 힘은 영토·군사력이 아닌 연결성
20207,악수하는 여야 지도부
20208,무등산에서 광주지역 올해 첫 얼음 관찰
20209,영상콘텐츠 자살 장면 묘사 신중해야…민관 가이드라인 발표
20210,여자농구 502경기 출전 허윤자 삼성생명서 은퇴
20211,넥센 박병호·서건창 부상 치료 위해 18일 일본행
20212,외신기자단 DMZ 대성동 5G 빌리지 방문
20213,그래픽 금융안정지수 추이
20214,과르디올라 아궤로 안 판다…3∼4명 더 영입 협상 중
20215,장강명 소설 그믐 또는… 연극 무대에 올라
20216,돌아온 팬심 붙잡고픈 태극전사 좋은 경기로 분위기 이어야
20217,신간 맛있는 시·40세 미혼출산
20218,넥센 퓨전 짬뽕 브랜드 니뽕내뽕과 스폰서 계약
20219,커쇼 홈런 3방 맞고도 15승 수확…다저스 시즌 99승째
20220,순수의 세계는 어떻게 파괴되나…소설 공산
20221,캠코 용인 단독주택 등 997억원 규모 압류재산 공매
20222,버틀러 영입 필라델피아 울고 버틀러 보낸 미네소타 웃고
20223,봄 배구 탈락 감독들의 운명은…재계약교체 기로
20224,페북 개인정보 불법수집 의혹 기업 실제 뇌물조작 시도했다
20225,하루하루를 새롭게 시작하는 남자 H.M.의 뇌를 둘러싼 싸움들
20226,폼페이오 터키·시리아쿠르드 모두에 좋은 결과 가능
20227,연천 영하 4.3도…경기북부 한파주의보에 출근길 추위
20228,일 연구팀 화성의 2개 위성은 천체충돌로 탄생
20229,LG 박용택 고척돔 천장 맞고 페어지역 떨어졌지만 파울
20230,북한날씨 대체로 맑음…양강도 일부 10ｍ 강풍
20231,방통대 조교 4년 넘게는 못해…인권위 권고 거부
20232,네이버 브이 라이브 유망 가수 알리기 채널 신설
20233,U20월드컵 축구 수도 수원의 열렬한 응원전 3만34...
20234,우리은행 박혜진 여자농구 5라운드 MVP
20235,독일 작년 군비 수출 10조 원…전년의 2배
20236,신간 예술 사랑에 미치다·슬라맛다땅 말레이시아
20237,靑 세월호때 의무실장·간호장교의 대통령 진료 없어
20238,미래에셋대우 해외선물 시스템매매 서비스 API스퀘어 개설
20239,최지만 3경기 연속 타점…2루타 포함 멀티히트
20240,한국당 충북도당 인물난…도의원 8곳 공천 신청자 없어
20241,위클리스마트 99년 만의 美 개기일식…어떤 모습일까
20242,테크윙 28억원 규모 반도체 검사장비 공급계약
20243,수사당국 100만명이상 온라인 대화 들여다봤다
20244,SKT 반려동물 전용 웨어러블 T펫 업그레이드
20245,그래픽 신혼부부 통계 결과
20246,휘발유 가격 누가 더 싸나
20247,강화군 포함 인천으로 대설주의보 확대…3.8cm 쌓여
20248,주말 N 여행 강원권 찰옥수수 하모니카 불고 120가지 무궁화 꽃길 걷고
20249,이란 IAEA 美 행정부처 아냐…이란 핵사찰 美개입 경고
20250,홍용표 북한 한반도와 동북아 평화 근간 훼손속보
20251,배구 레전드서 대표팀 퇴출 사령탑으로 추락한 김호철 감독
20252,첼시 주급 2배 인상 요구하는 아스널 공격수 산체스 눈독
20253,與 朴대통령 탄핵·탈당 놓고 분열…분당 위기 현실화
20254,키움증권 한국전력 1분기 실적 개선 전망
20255,NPDI 북 핵실험은 국제 군축 체제에 대한 중대한 도전
20256,현대제철 하반기 공채 실시…20일까지 서류 접수
20257,산 채로 매장된 인도 신생 여아 주민이 극적으로 구조
20258,NC 최성영 선발 데뷔전서 승전가…SK전 5이닝 무실점
20259,평양공동선언 공동선언문 발표 마친 남북 정상
20260,트럼프 韓 더많이 내기로 합의…방위비 분담금 인상협상 시작종합3보
20261,대신증권 롯데정밀화학 2분기 실적 개선…목표주가↑
20262,옛동독지역 선거서 2등시민 불만접수 극우당 집권당 제쳐
20263,KTB투자 후판 가격 상승…POSCO·동국제강 최선호주
20264,추석연휴에 가볼만한 도심 여행지 10선…도시재생 역사속으로
20265,올림픽 드레스 입고 공연 펼치는 삼지연 관현악단
20266,YTN 뉴있저 변상욱 앵커 시청자 맞춤형 뉴스 구현
20267,랜섬웨어 공포 ① IT강국 위상 흔들…2차 피해 우려 고조
20268,각 지역 한인회 잇따른 수장 교체에 새 바람 기대
20269,남북연락사무소 추진단 내일 개성공단 방문해 점검
20270,소 잃고 외양간 고치는 페이스북…개인정보 절대 안 판다
20271,박지원 김종인 지원사격 호남참패 책임 따로 있어
20272,운동선수 병역특례 확대 찬성반대 의견 팽팽리얼미터
20273,딸이 어머니에게 흉기 휘둘러…가족 정신병력 있어
20274,만지고 체험하며 느끼는 미술 이것은 현대미술관이다
20275,韓 홀대vs실무형…풀어사이드 한미정상회담에 엇갈린 해석
20276,증시신상품 국채선물 인버스 ETF 3종
20277,朴대통령 오늘은 경청모드…국정반전 계기 잡을까
20278,프로배구 거포 산체스도 낙마 위기…교체 가능성 50
20279,코스타리카 원주민 토지권리 운동가 자택서 피살…15발 피격
20280,문대통령 이번 방북으로 북미대화 재개되면 큰 의미종합
20281,한국 성인 보유 자산 평균 2억원…서유럽과 비슷
20282,2017 평창겨울음악제 개막무대
20283,전국 장맛비…중부지방 모레까지 최대 250㎜ 폭우
20284,전남도청서 개막한 광주전남 보도사진전
20285,정무위 靑서별관회의 공방…자료제출 거부로 2차례 정회종합
20286,게시판 LG전자 LG V50 씽큐 괌 출사단 모집
20287,말레이 언론 무산위기 일대일로 철도사업 中과 재추진 합의
20288,폴란드서 지진으로 광산 붕괴…9명 실종
20289,탬파베이 6년만에 AL 디비전시리즈 진출…최지만 1타수...
20290,포근한 주말 유원지·스키장 북적…해운대선 바다 수영
20291,유럽의회 차기 리더 반EU 헝가리 총리와 담판 회동
20292,춘천MBC 다큐 골목놀이 휴스턴 국제영화제서 2관왕 수상
20293,朴대통령 이정현 대표 등 與 신임 지도부와 금주내 회동
20294,창조경제 3년…1천여곳 창업·판교밸리 정착 성과
20295,유안타증권 코스메카코리아 비용 부담 확대…목표가↓
20296,베트남 영웅 박항서 감독 제 조국 대한민국도 사랑해달라
20297,이대론 어렵다 총선 위기의식…민평련에 친문까지 이인영 지지종합
20298,흥국화재 1분기 영업이익 111억원…흑자 전환
20299,유진투자 코웨이 실적눈높이·목표주가 내려
20300,국내에서도 아이폰X 이번달 안에 만난다…24일 출시
20301,시리아 최악의 혼돈…알레포 공격에 500여명 사망
20302,다저스 컵스에 21 승리…싹쓸이 패배 모면
20303,삼부토건 대표이사 직무집행정지 가처분 피소
20304,펌텍코리아 주당 약 5.6주 무상증자 결정
20305,당정 오늘 조선·해운업 구조조정 대책 협의
20306,한진해운 79척 운항차질…주중 10개국에 압류금지 신청
20307,황총리 개헌논의는 국력분산…사회적 공감대 형성돼야종합
20308,예멘 반군 사우디 석유시설 여전히 공격 목표
20309,BGF리테일 1분기 영업익 262억원
20310,美 뉴욕주 3월1일 유관순의 날로 제정한다
20311,미래에셋대우 KB금융 4분기 실적 부진…목표주가↓
20312,여수 이순신광장 거북선 오르는 계단 파손…5명 중경상
20313,문대통령 오늘 과학기술자문회의 주재…혁신성장 박차종합
20314,남북단일팀 여자복식 호흡
20315,北 USB·USIM칩 등 메모리 기기 등록제 실시
20316,논란 국회법안 정부로 이송…내달 7일까지 공포여부 결정
20317,배구 컵대회 21일 여자부·29일 남자부 순천에서 개막
20318,정부 남북대화 문 열려 있어…北 신년사에 입장 표명종합
20319,한투 정일문 사장 차별화된 해외주식 서비스 개발 중
20320,스페인 11회 연속 월드컵 본선 진출…이탈리아 PO행종합
20321,원조 리니지가 모바일 게임으로…베일 벗은 리니지M
20322,웨이모 우버 기술 절도 입증 핵심 증거 공개
20323,내년 공공부문 SW·ICT장비 수요 4조1천억원…7.3% 증가
20324,정의장 출국前 마지막 평일…사태 봉합이냐·강경 고수냐
20325,비예나 빼곤 다 고만고만…남자배구 최대 화두 토종 경쟁력
20326,유니테스트 22억원 반도체 검사장비 공급계약
20327,그래픽 인터넷 DA·동영상 광고 매출 현황
20328,금감원장 키코 분쟁 이르면 이달 분조위 상정…거리 좁혔다
20329,검찰 광주 민간공원 의혹 국장급 공무원 사전영장 청구
20330,3월 중국인 관광객 39% 줄어…사드 보복 영향종합
20331,MBC 뉴스데스크 회복세…9.4％로 KBS·SBS 앞서
20332,위메이드 작년 연결 영업익 41억원…흑자전환
20333,조성진의 재능기부…국내 첫 스쿨콘서트에 학생들 환호
20334,중동정세 긴장 속 中 왕이 미국에 판도라의 상자 열지 말라
20335,류현진 7년 만에 한글 이름 달고 등판…양키스전은 6년만
20336,MWC 2018 직접 만든 갤S9 보니 감동…삼성 언팩 특별한 손님
20337,靑 안보정당 내세우는 與대표 서해수호의 날 불참 유감
20338,캠코 1천152억원 규모 압류재산 공매
20339,그래픽 네이버 모바일 첫 화면 개편 내용종합
20340,대관령 영하 21.7도 강추위…낮 최고 기온도 영하권
20341,터키 지난달 알바그다디 친척 등 IS 용의자 238명 체포
20342,한국경제 길을 묻다 ③ 혁신적 벤처기업 전성시대 온다
20343,레이커스 제임스·볼 한 경기서 동반 트리플더블
20344,홍남기 내년 1분기까지 최저임금 결정구조 개편방안 마련속보
20345,SKT 찾아가는 휴대폰 상담·개통 서비스
20346,한화 5월 35개 학교·1천50명 소외계층 학생과 가족 초청
20347,개성공단 폐쇄 한달 유엔제재 견인…남북교류 올스톱
20348,게임빌 워오브크라운 누적 다운로드 100만건 돌파
20349,유진투자 미 FOMC 이번에 금리인하 신호 강하지 않을 것
20350,대전기상청 3∼4월 평년보다 많은 비 온다
20351,나무 박사·물고기 박사의 우리 자연 이야기
20352,LGU 통해 도박 스팸 수백만건 전송…방통위 수사의뢰
20353,국고채 금리 일제히 상승…3년물 연 1.430%
20354,현대차 2018 쏘나타 뉴라이즈 택시 판매
20355,10대 주축 일본에 역전패…한국여자배구 결승 진출 실패종합
20356,최고은 헝가리 부다페스트 스프링 페스티벌 초청
20357,북극 같은 풍경
20358,도이체방크의 IB 백기 파장 속 CEO 급여 투자하겠다
20359,이효성 위원장 MWC 삼성전자 부스 방문
20360,농식품부 찾은 마사회장
20361,셀트리온제약 작년 영업익 36억원…21% 감소종합
20362,터키 중앙은행 총재 전격 교체…금리인하 놓고 정부와 갈등
20363,신나는 도자기 흙 밟기 체험
20364,대통령·총리 이어 임종석 환송 만찬…北대표단 진심 예우
20365,장기하와얼굴들 해체 전 마지막 공연 매진에 1회 추가
20366,올림픽 이번엔 녹화 아닌 라이브…인텔 드론 300대가 만든 수호랑
20367,막오른 LA 오토쇼…대형 SUV·북미 겨냥 신차들 출격
20368,이해찬 야당 설득해 판문점선언 비준동의 처리 잘되도록 최선
20369,신간 잘 죽는다는 것ㆍ네 신부님의 어머니
20370,내일 마지막 공직선거정책토론회…정치분야 자유토론
20371,갤노트8 다음달 15일 출시 유력
20372,무디스 롯데쇼핑 신용등급 Baa3로 강등
20373,에티오피아 블랙박스서 737맥스8 추락 사고 유사점 확인종합
20374,KCC 하승진 복귀 초읽기…정상 훈련 소화
20375,앙숙 그리스·터키 국제경기서 국기 게양 문제로 또 으르렁
20376,통신3사 내일부터 아이폰11 사전예약…보험 등 신규 출시
20377,이스라엘 집권 리쿠드당 대표 경선 시작…네타냐후 재신임 전망
20378,연소득 5천만원 이하도 저리 월세대출 가능해진다
20379,양승동 KBS 사장 39년 동결 수신료 신뢰회복 후 장기과제종합2보
20380,한화투자 삼성전자 하반기 실적 회복 기대…목표주가↑
20381,에르도안 한트케는 인종주의자…인권침해에 노벨상 주는 것
20382,조성진 피아노로 이웃 돕고 싶어…내년 전국 투어
20383,소리길 간이발전시설
20384,특징주 동일기연 자사주 취득 결정에 신고가
20385,김종인측 文 유세 이젠 당이 결정하겠다…文의 딜레마종합
20386,정개특위 한국당 반발 속 활동기간 연장 추진
20387,노다지 망간단괴 해저 알고 보면 해양생물의 보고
20388,LG전자 V30 공개행사 초청장 발송…고성능 카메라 강조
20389,김진표 총리카드에 시민사회 반발 변수되나…법무 먼저 임명할듯
20390,박지현 20점…한국 인도네시아 꺾고 아시아 U18 女농...
20391,월드컵 계약 종료 신태용 감독 거취 곧 결정…평가 돌입
20392,SK텔레콤 20만원대 대화면 스마트폰 갤럭시 와이드2 출시
20393,니스 테러 깅리치 美무슬림 시험치러 이슬람율법 믿으면 추방해야
20394,북한 첫 농아유치원 개원…독일 NGO 지원 VOA
20395,평일에 즐기는 문화생활
20396,NC 박민우 아름다운 선거 홍보대사로 위촉
20397,게시판 과학기술한림원터키한림원 공동심포지엄
20398,3년간 야구장 안전사고 590건…응급시설 제각각
20399,美대법관 후보 지명자 갈랜드는 중도성향 외길 법조인
20400,BNK금융지주 1분기 영업익 2천478억원…12.8% 감소
20401,檢 비선실세 최순실 구속영장…직권남용 공범·사기미수
20402,아가메즈 서브로 8득점…우리카드 시즌 첫 1위 도약
20403,안보리결의 6개월 ③北 제재 비웃으며 군사도발 마이웨이
20404,기상청 北 인공지진 규모 4.8…3차 핵실험 때와 비슷
20405,남자농구 13일 요르단 원정…월드컵 2차 예선 시작
20406,조명균 김정은 방중 우리 측과 사전 교감 있었다
20407,그리스 이도메니 난민캠프 폐쇄 절차…다른 캠프로 분산 배치
20408,탄핵가결 비서실장 지낸 유정복 시장 일부 일정 취소
20409,패럴림픽 기상 이상무…평년보다 기온 다소 오를 듯
20410,원점으로 간 출판진흥원장 선출…후보들 재산문제로 고사
20411,남북통일농구대회 혼합경기를 앞두고..
20412,그래픽 전국 주택 수·보유자 수 현황
20413,게시판 SAP 코리아 CMO캠퍼스와 디지털 마케팅 사업협력 MOU
20414,수단 전 독재자 바시르 시위대 살해 혐의로 기소돼
20415,中 바이두·화웨이 인공지능 분야 협력키로
20416,도약 다짐 장병철 한국전력 감독 최태웅 감독과 대결 기대
20417,과기정통부GSMA 5G 융합서비스 분야 업무협약 체결
20418,정부 출연연구기관 간접고용 노동자 정규직 전환해야
20419,과기정통부 내일부터 세종 이전 시작
20420,황희찬 시즌 6호골…잘츠부르크 유로파 본선 청신호
20421,유럽 철도패스 최대 20% 할인 판매 이벤트
20422,北 한미훈련에 총공세 진입할 것 위협…국방위 성명종합
20423,美 금리인상 속도전 우려에 원달러 환율 14.2원 급등
20424,골드만삭스 한은 금리인상 예상시기 7월→10월로 연기
20425,나만의 도자기 만들어요
20426,DB금융투자 CJ CGV 4분기 호실적…목표가↑
20427,사우디·UAE 예멘 내전 불화설 일축…공동선언문 발표
20428,특징주 아이폰X 조기 단종설에 부품주 급락종합
20429,서울 아파트값 오름세 전방위 확산…30주 만에 최대 상승
20430,서희건설 작년 연결 영업익 351억원…14%↓
20431,아시안게임 남자농구 클락슨의 필리핀 꺾었다…4강 진출...
20432,日국민 64% 평화헌법 바꾸지 말아야…아베정권 개헌 반대 52%
20433,라니에리 감독 낭트행 임박…걸림돌은 나이제한 규정
20434,NBIoT 단말기술에 대해
20435,서점인이 뽑은 올해의 작가에 조정래
20436,北 美 정밀공습작전 공개…침략전쟁 야망의 발로
20437,차세대소형위성 발사 성공…정상 궤도 진입·작동종합
20438,금융위 미중 무역분쟁 한국에 직격탄…철저히 대비해야종합
20439,신한금투 국내 주식형펀드 내달 순유입 전환 예상
20440,손흥민 겐트전서 양팀 통틀어 최하 평점…5.95
20441,北 대북제재 앞두고 사상무장 독려…가장 위력한 무기
20442,하나투어 해킹 회원정보 유출…관계기관 수사중
20443,美 할리우드 명예의 거리 트럼프 명패 수난 잇따라
20444,CMB 전국 11개 방송 단일 법인으로 합병
20445,대화하는 민주평화당 의원들
20446,네이버 이해진 총수 지정 안타깝다…30년전 시각 머물러
20447,위기의 MBN 평일 오후 보도 프로그램 강화
20448,KT 2년 연속 1분기 매출·영업익 동시 증가종합
20449,가을야구의 시작 KBO WC 미디어데이 15일 개최
20450,올림픽 응원 가족 나들이 차분한 설 연휴…고속도로는 정체
20451,이마트가 발굴한 中企 스타상품 싱가포르서 판매된다
20452,김정숙 여사 오늘 아세안 3개국 출신 유학생과 간담회
20453,내륙 짙은 안개…청주공항 제주행 항공기 운항 차질
20454,국민의당 선진화법도 캐스팅보트…安 20대 개정해야
20455,검찰 인사에 관한 설문조사 시행하라…檢 개혁위 권고
20456,심상치않은 이라크…곳곳서 반정부시위로 사상자 속출종합2보
20457,애플 특허 소진 美대법 판례 제시하며 퀄컴에 반격
20458,젤렌스키 우크라 대통령 사카슈빌리 국적 회복시켜
20459,엔화 족집게 사사키 엔고 지속에 연말엔 달러당 103엔
20460,터키 시리아 북부서 목표 달성 때까지 군사작전 계속
20461,조명균·천해성·윤영찬 등 고위급회담 대표단 명단 北에 통지
20462,넷마블 앱 매출 글로벌 톱 10 선정…리니지2 흥행 효과
20463,정의장 국민께 송구·與문제제기 무겁게 받아들여 與에 전달
20464,美 파나마 침공 30년…아직도 아물지 않은 상처
20465,북한 주민들은 설연휴에 어떤 음식 먹을까
20466,규제의 벽 넘지 못했다…카풀앱 풀러스 대표 사임·구조조정도
20467,녹색기술센터 아프리카 기니 가뭄 해결에 나선다
20468,유전병 우려 인간배아 유전자가위로 교정 성공
20469,메시·호날두 UEFA 올해의 팀에 선정…EPL 선수 제로
20470,가을야구인데 MLB 아쿠냐 무성의한 주루로 도마
20471,美 유조선 공격은 이란 소행 맞다…진실공방에 추가증거 공개
20472,신간 당신이 옳다
20473,WP 트럼프 대통령이 올해 가장 잘못한 일은 쿠르드 배신
20474,구글플레이 기프트 코드 온라인 판매 개시
20475,외국인 불법고용 해결 광주 건설노조 시청 로비서 농성
20476,中 美 화웨이 거래 금지 추진 반발…모든 수단 동원종합
20477,오늘의 투자전략 이번에도 은행이고 정책이다
20478,아프리카TV 2분기 영업익 43억원…작년보다 13%↑
20479,보수통합론 정국 새 변수…與 정치쇼·한국당 정권 심판종합
20480,홍콩도 보잉 737맥스 여객기 운항 잠정 금지
20481,러 신문 김정은푸틴 25일 극동연방대서 정상회담종합2보
20482,하나금투 비트코인 가격 오르면 채권금리도 오른다
20483,정세랑 작가 즐거우면서도 고민하게 하는 작품 쓰고 싶어요
20484,올가을 캘리포니아 대표 음식축제 3선
20485,아시안게임 한국야구 결승행 위해선 전승밖에 없다종합
20486,장하성 주중 대사 中언론 인터뷰서 한중협력 확대 강조
20487,예약판매 시작한 갤럭시 S8
20488,금융위 차보험료 인상 폭 물가상승 등 감안해 조율
20489,이란 국영방송 앵커 미국서 수사기관에 구금
20490,국제유가 베네수엘라 사태 속 강세…WTI 0.8%↑
20491,벨기에 정부 시리아에 있던 IS 고아 6명 벨기에 도착
20492,국립중앙박물관장에 이영훈 경주박물관장
20493,끝내기 홈런 친 최지만 너무 피곤해서 빨리 집에 가고 싶었다
20494,야구에 등장한 로봇 심판 어떻게 작동할까
20495,이슬람권 이스라엘 가자지구 폭격 강력 규탄
20496,카메룬서 학생 160여명 무장괴한에 납치됐다 풀려나
20497,휴전 이후에도 시리아 반군 지역서 민간인 6명 사망
20498,워커 뷸러 디비전시리즈 1차전 선발 확정
20499,LG유플러스 U파손도움 서비스 확대
20500,중국 북미정상회담 개최에 한반도 비핵화 기여 기대종합
20501,결전 앞둔 박항서 우리에게 특별한 경기 될 것
20502,올림픽 실감나네…눈앞서 펼쳐진 시속 150㎞ 봅슬레이 질주
20503,역대 최저 득표율로 총선 승리 남아공 대통령 교훈 얻었다
20504,베네수 정부 국경서 구호활동지원 英갑부 콘서트에 맞불 음악회
20505,한국형 알파고 독자개발…10년간 1천억원 이상 투자
20506,총선 D9 8석 석권하자…충북 새누리당 필승 다짐
20507,한국당 7명 장관후보자 청문보고서 거부…靑 부실 검증
20508,화웨이 5G 진출 조건부 폴란드에 5년간 9천억원 투자 제시
20509,월드컵 베팅업체 카잔대첩 역대 최대 이변 3위로 평가
20510,코스닥협회 수석부회장에 정재송 씨 선출
20511,트럼프 앙숙 워런 트럼프 2020년엔 자유인 아닐 수도
20512,反난민 이탈리아 부총리 난민 65명 태운 구조선 입항 불허
20513,푸틴아베 모스크바서 회담…평화조약 체결 협상 진전 못 봐
20514,청소년 신간 땀 흘리는 소설·미래세계 구출
20515,카카오 텐센트와 손잡고 中 웹툰시장 본격 진출
20516,빅 이벤트 지켜보자…원달러 환율 상승 출발
20517,술 취해 시비 걸던 50대 밀쳐서 사망…30대 징역 2년
20518,게시판 도서정가제 유통질서 바로잡기 업무협약
20519,유영국 그림 7억7천만원에 낙찰…작가 최고가 기록
20520,증인 불출석 맹공으로 시작된 구조조정 청문회 맹탕 넘어 허탕
20521,손흥민과 군대스리가 함께 뛰고 싶어요…장병 설문
20522,브라질 하원 대통령 탄핵 가결…정국 다시 격랑 속으로
20523,올림픽 금메달 출신 헝가리 지방도시 시장 성추문에 사임
20524,LG전자 G7 씽큐 계승한 중가폰 2종 IFA서 공개
20525,구글이 도와 드립니다
20526,中관영매체 연일 대미 집중포화…우리는 끝까지 싸울 것
20527,베트남전 멀티골 이민아 필리핀과 56위전 무조건 승리
20528,정진석 가습기 살균제 피해 국회 진상조사…청문회도 할것
20529,더민주 호남 특별기구 설치…安千 너무 우려할 필요없다
20530,2020년 세계이식학회 학술대회 서울 유치 확정
20531,코스피 상승 출발…2100선 회복 시도1보
20532,나이지리아서 터키인 근로자 4명 무장괴한에 피랍
20533,국방전산정보원장 등 8개 개방형 직위 채용
20534,북한 반공화국 적대행위 미국인 체포
20535,신한銀 창업기업 위한 기술대출 출시
20536,경기도 중부권 11개 시 미세먼지 주의보
20537,MLB 메릴 켈리 두 달 만에 승리투수…시즌 8승
20538,LG전자 오늘부터 북미서 G6 예약판매…프로모션도 강화
20539,자동차 보험료 이르면 내달부터 인상될 듯…올해만 두번째
20540,대부분 영하권 뚝…서울 6.3·대관령 11.2도
20541,롯데카드로 결제하면 티켓이 한 장 더
20542,홍윤식 20대 총선 과거 어떤 선거보다 엄정 관리
20543,중국전 마친 뒤 눈물 흘린 김연경 감수성이 늘었나봐요
20544,北 8월 나선서 국제상품전시회…외국기업 참여도 낮을듯
20545,朴대통령 본인들만의 정치에서 벗어나야종합
20546,포켓몬 고 게임 하던 과테말라 10대 총격받아 첫 사망
20547,최강 맨시티 레스터 승부차기 끝에 꺾고 리그컵 4강 진출
20548,프로축구 강원FC 조태룡 대표 사퇴 의사…진실 밝혀질 것
20549,NC 구창모 아웃 카운트 1개 잡고 강판…⅓이닝 6실점
20550,SCMP 홍콩 정부 오늘 오후 송환법 추진 잠정 연기 발표
20551,신간 인류에게 공통의 언어가 있다면
20552,박항서 매직 베트남 AFC U23 결승서 우즈베크에 석패
20553,2보 볼리비아 모랄레스 대통령 집권 14년 만에 사임
20554,SK 문경은 감독 새 외인 메이스 팀에 녹아든 게 승인
20555,NBA 피 말리는 서부 PO 경쟁…5위부터 9위까지 1경기...
20556,브뤼셀 테러 공항은 테러 취약지대…항공안전 비상
20557,내일날씨 찬바람 쌩쌩 불고 맹추위…서울 영하 8도
20558,씨에스윈드 260억원 규모 윈드타워 공급계약
20559,한스위스 통화스와프 맺는다…두번째 기축통화국2보
20560,헬스·자동차 등 6대 전략분야에 IoT 사업화 집중지원
20561,아시안게임 한국 여자배구 인도네시아와 8강서 격돌
20562,고유례로 시작하는 학위수여식
20563,100명 중 99명은 다 못 쓰는 100GB 데이터 요금 경쟁
20564,직장 내 괴롭힘 금지법 국회 본회의 통과
20565,8강행 무산 여자축구 U17월드컵서 콜롬비아와 1...
20566,18년 만에 우승 눈앞 문경은 감독 원주에 다시 안 오도록
20567,철로자전거 타고 여름밤 즐기세요…문경서 야간 운행
20568,통일부 朴대통령의 김정일 서신 전달 안 된 것으로 판단
20569,류현진 사이영상 경쟁자 셔저·디그롬 나란히 평균자책점 상승
20570,국정원 15년째 잠자는 테러방지법 흥정대상 돼선 안돼
20571,옐런 미 연준의장 앞으로 수개월 내 금리인상 적절할수도1보
20572,인터넷나야나 랜섬웨어 피해 복구중…해커와 13억 협상 논란
20573,오스트리아 제1당 국민당 극단주의 금지 추진…극우당 반발
20574,아프리카TV 클릭 2번으로 VOD 생성 유저클립 도입
20575,러 언론 김정은 위원장 전용열차 북러 국경 넘어2보
20576,朴대통령 사드 갈등 멈추지 않아 속 타들어가는 심정속보
20577,코스피 하락 출발 후 상승 전환…장중 2070선 회복종합2보
20578,게시판 NH선물 밀양시 용평 마을과 자매결연
20579,KT PC방 전용 통신 서비스 게임허브 출시
20580,천정배 외교관 딸 보러 이란행…차기 행보 구상
20581,터키 이어 그리스도 리비아 사태 해소에 발언권 주장
20582,최문순 지사 2021년 동계아시안게임 남북 공동개최 검토
20583,카카오 인공지능 분야 스타트업 해외진출 지원합니다
20584,과기정통부 아프리카 학생 대상 RD 교육 추진
20585,인종 개념은 만들어진 것…신간 인종주의에 물든 과학
20586,후보 등록 마감일에 절정 치달은 與 공천 내분사태
20587,운영위 일하는 국회법 처리…매월 2회 이상 법안심사소위
20588,최기영 장관 과학·ICT가 희망…투자 확대하고 RD 혁신
20589,캐나다 총선 한인 최초 연방 하원의원 탄생
20590,해군 北 WMD선박 차단훈련…유엔제재 대비태세 점검종합
20591,황사 왔나 봄
20592,신년사 정지선 현대백화점그룹 회장
20593,눈 내린 1100고지 순찰
20594,靑 북한 SLBM 발사에 NSC 상임위 개최
20595,마음 사는 외교 본격화…공공외교법 시행령 의결종합
20596,부처별 연구비관리시스템 통합 첫발
20597,日오키나와 美기지 이전 관련 주민투표 24일 실시
20598,크리켓의 나라 파키스탄에서 축구 이벤트 펼친 호나우지뉴
20599,결승골 기여 손흥민 평점 6.7점…팀내 두 번째로 낮아
20600,사무실서 여기자 성추행한 주간지 대표 징역형 집행유예
20601,김경수 경남지사 발언 듣는 김현미 장관
20602,제21차 세계한인경제인대회 개막…한민족 경제네트워크 강화종합
20603,KIST 학연협력 연구 본격 시작한다
20604,정보유출 파문에도 페이스북 이용자 충성도 큰 변화 없어
20605,미국 여자농구 월드컵 통산 10번째 우승…한국 14위
20606,SKT 남자직원 1분기 급여만 5천300만원…KT의 2.4배
20607,외로워 노래 배웠나… 멸종위기 희귀고래 노래 첫 녹음
20608,맨유 린가드와 2021년까지 재계약…주급 1억4천만원까지 예상
20609,해외 청년 창업 및 취업 준비생 간담회
20610,프로농구 현대모비스 SK 완파…시즌 첫 전 구단 상대 승리
20611,KT연세대 5G 상용망 기반 연구 플랫폼 출범
20612,올해 프로야구 미스터 올스타 부상은 KIA 세단 더 ...
20613,중소업체 위한 맞춤형 강연…카카오 상생 클래스 시작
20614,장난감도 군비 경쟁…레고 갈수록 폭력적
20615,中·러·이란 3국 연합해상훈련…중·러 美 견제 나서나종합
20616,쌍용차 2016 코란도 투리스모 플러스 출시
20617,北 위성발사·수소탄 보유 군사강국…체제결속 독려
20618,혼돈의 이라크…대통령 친이란 총리후보 반대하며 사의종합
20619,하이즈항공 작년 연결 영업익 18억원…흑자전환
20620,참의원 선거 반쪽 승리 日 아베 9월 개각 전망
20621,삼성 2분기 스마트워치 시장서 3위로 하락…핏비트 선전
20622,KT 기가 인터넷 가입자 150만 명 돌파
20623,민주 개헌안 마련 안간힘…한국당이 개헌열차 제동 비판
20624,서울 아파트 시장 눈치보기…전국은 2주 연속 보합
20625,월드컵 신태용 감독의 트릭…신의 한 수일까 자충수일까
20626,北김정은 신형 ICBM 엔진 분출시험 시찰…완전 성공1보
20627,프로농구 현대모비스 DB잡고 4연승…라건아 쐐기블록슛...
20628,성전환 여성은 남자 화장실에 가야 하나 아니면 여자화장실
20629,與 친박·비박 핵심 연찬회 후 계파 청산 의기투합
20630,통신비 인하 도움될까…휴대폰 지원금 분리공시 도입 탄력
20631,페루 태양제 6월 24일부터 9일간 열린다
20632,英·EU상임의장 정상회담…투스크 브렉시트 협상 서둘러달라종합
20633,北 핵실험 北 김영남 핵보유국에 맞게 대외관계 확대발전
20634,북중교역 무게중심 단둥서 연변자치주로 이동 조짐
20635,벤투호 12일 출국…호주·우즈베크와 아시안컵 리허설
20636,경기북부 전역 호우경보…의정부에 201㎜ 내려종합2보
20637,통일부 北 엘리트 잇단 탈북은 김정은 체제 균열 조짐
20638,뮬러특검 보고서에 불붙은 美정쟁…무죄입증 vs 원본공개
20639,사형 구형 이집트 기자 올해 세계언론자유상 받는다
20640,융커 위원장 영국의 질서있는 EU 탈퇴 매우 낙관하지는 않아종합
20641,文정부 첫 과학기술장관회의 연구자 중심 RD에 초점
20642,문대통령 유남석 헌재소장 임명장 수여
20643,라카제트 결국 아스널로…리옹 이틀 이내 결론
20644,美 총기폭력 비용 연간 272조원…GDP의 1.4% 규모
20645,에티오피아 국경분쟁 소말리아 자국 영토로 표기했다 사과
20646,나경원 패스트트랙 철회만이 국회 여는 유일한 해법
20647,손흥민 6호 도움 피날레…토트넘 헐시티에 71 대승
20648,셧다운 끝낼 때 부시 월급 못 받는 경호원들에 피자 선물
20649,숨·일렉트릭 스테이트…SF 수작을 만나다
20650,신간 단백질의 일생
20651,조국 성찰하겠다 몸 낮추면서도 각종 의혹에 단호히 부인종합
20652,경제자유구역 지지부진 개발지연·국내기업 역차별 탓
20653,이란 핵합의 관련 유럽 비판…그동안 이란 이익 보장 못해
20654,충북 낮기온 29도 불볕더위…6∼7일 520㎜ 비
20655,게시판 투교협 투자콘서트 국내외 채권시장 투자전략
20656,국산 OTT 최고 인기 콘텐츠는 국내 방송물
20657,인권위 언론단체와 언론인권교육협의회 구성…인권교육 협의
20658,게시판 하나은행 직장어린이집에 회계시스템 지원
20659,고려사회 다양성과 통합성 분석한 학술총서 발간
20660,제20호 태풍 너구리 필리핀 동쪽서 발생…한국 영향 없어
20661,양제츠 자리 안내하는 정의용 실장
20662,유럽행 통로 터키서 1주 사이 불법 이주민 1천500명 검거
20663,2명 퇴장 빌바오 MSN 총출동 바르사에 21 승리...
20664,배구 올림픽 본선행 티켓 경쟁…대륙별 예선 대진 28일 결정
20665,한국우즈베키스탄 축구 평가전 시청률 9.4％
20666,美 연구진 죽은돼지 뇌세포 일부 되살려…윤리문제 제기도
20667,과기단체 연구윤리 훼손에 경각심…윤리규범 마련하겠다종합
20668,민주평화당 창당발기인대회
20669,유은혜 전문성 부족 소통능력·정무판단·중재경험이 더필요
20670,코스피 2120대로 밀려…두달여 만에 최저종합2보
20671,채태인 역전 결승포…롯데 총력전 끝에 SK 꺾고 3연승
20672,선거법 위반 혐의 김한정 의원 벌금 80만원 구형종합
20673,이탈리아 총리 동계올림픽 유치는 국민을 위한 승리
20674,리모델링 앞둔 시장통 건물에서 펼쳐진 솔로쇼
20675,北 급변사태 때 중국군 단독 개입 막는 것이 급선무
20676,프로야구선수협회 경기 중 심판에 질의 금지 유감
20677,알뜰폰 피해 절반은 고령 소비자…전화 판매 주의
20678,작은 소리에 귀 기울이는 인권연극제
20679,블루홀 작년 매출 6천600억원…전년 대비 13배
20680,이총리 6·25전사자 유해 90% 아직 못 모셔…갈 길 멀다
20681,이도희 현대건설 감독 헤일리 실력 좋아졌더라
20682,신간 서커스 나이트
20683,朴대통령 31일 美中日과 연쇄정상회담…북핵공조 논의종합
20684,북한 가는 정의용 대북특사단장
20685,평양공동선언 IOC 올림픽 남북공동개최 추진 크게 환영
20686,청와대 회동 ① 분기마다 소통의장 만들자…협치 강조
20687,선동열 드디어 입 연다…4일 대표팀 선발 논란 기자회견종합
20688,기자들과 인사 나누는 김병원 농협중앙회장
20689,트럼프 9·11 테러 직후 현장 달려가 도왔다 재차 주장
20690,국감 출석한 문체부 산하기관장들
20691,엠에스씨 보통주 1주당 1주 무상증자 결정
20692,그래픽 지난해 수도권 주택구입가격 연소득에 6.7배
20693,경기도 17개 도서관 다문화독서동아리 지원
20694,VR현장 첨단 로봇 한자리에…2017 로보월드 개막
20695,LG 올레드 TV 아이슬란드 오로라 축제
20696,맨유 데 헤아 못내준다…레알 마드리드 867억원 제의 거절
20697,과학기술 출연연 용역근로자 정규직화 지지부진
20698,아모레 커버·피지흡수 강화 기술 개발
20699,산학연 협력 연구로 중소기업 연구개발 역량 높인다
20700,리커창 中·EU 정상회의서 유럽기업 동등대우할 것종합
20701,이총리 북한·미국 사이에도 고위 대화 재개될 것으로 보여
20702,영상 토종 기상위성 천리안 2A호 발사 성공…10년간 기상예측
20703,게시판 여기자협회 국내연수·저술지원 대상자 선정
20704,SK텔레콤 통신비 인하 정책에 난색…여력 부족하다종합
20705,촛불집회 앞두고 이통 3사 통신망 증설…평소 5배
20706,강원·영남 돌풍 동반 요란한 봄비…눈·우박도
20707,KISTI 누리온 1주년 기념 슈퍼컴데이 개최…우수 연구사례 발표
20708,북한 김일성종합대학 국제학술토론회 2018 개최
20709,KBS 성평등 기본규정 제정
20710,산체스 영입트레이드 KB손해보험 9년 만의 봄배구 노린다
20711,최지만 첫 장타 포함 3안타 불꽃타 타율 0.348
20712,민주 2월국회 중점법안 난항에 고심…한국당 무조건 반대
20713,해커 빨라지고 똑똑해졌다…지능형 해킹공격 확산할 것
20714,삼성바이오 논란 금융당국 책임 국민청원 잇따라종합
20715,더민주 강릉선거구 사전 투표함 관리 투명 요구
20716,朴대통령 지나보니 아쉬운 점도…언론간담회 모두발언 전문
20717,탄핵가결 남경필 국민의 승리…국가 리빌딩해야종합
20718,무진기행·난쏘공…작가들 손때 묻은 원고 전시
20719,트럭에 흑인 매달아 광란의 질주…美 백인우월주의자에 사형집행
20720,문화상품권으로 구글플레이 결제된다
20721,뜨거운 최지만 2안타 1타점 맹활약 타율 0.389
20722,재활 훈련 영상 올린 즐라탄 맨유에 남고 싶다
20723,우정사업본부 23일부터 환전업무 시작
20724,유엔 60여개국 체류 난민 144만여명 내년 재정착 필요
20725,유럽 첫 방문 이란 대통령 이탈리아에 22조원 대박 선물종합
20726,언론진흥재단 ICT로 하나 되는 평창올림픽 콘퍼런스
20727,한일 의원들 9월 도쿄서 합동총회…관계 개선 논의 전망
20728,카카오 해외서 10억 달러 투자 유치 성공
20729,日 중국으로부터 시진핑 방북 적절한 설명 듣고 싶어
20730,레알 마드리드 금의환향…호날두 등장에 발롱도르 연호
20731,월드컵 태극전사들 1998년 굴욕 멕시코에 설욕 노린다
20732,김포 도시계획 수립에 토지 사회적가치 평가 활용
20733,경기도 안산·시흥·평택·화성 20시 강풍주의보 발효
20734,체스 정복한 인공지능 바둑은 왜 늦었나
20735,유엔 안보리 라이베리아 무기금수 등 제재 해제
20736,이스라엘 참가불허 말레이 패럴림픽 수영선수권 개최권 박탈
20737,아시안게임 김학범 우즈베크전은 창과 창의 대결…절실함...
20738,웰컴대학로에 외국인 1만3천명…대학로 공연 중심지로 키운다
20739,SKT LTE 요금제 개편…저가 구간 기본데이터 25% 늘려
20740,해외 북한노동자 인권보호 대북 제재 효과 높일 것
20741,그래픽 주요 해외금리 연계 파생결합펀드DLF 투자자 현황
20742,최성준 위원장 광고 쏠림 인터넷 기업 규제 연구검토종합2보
20743,프레스센터 언론계 반환 서명식
20744,野 朴대통령 사드 방중 직접 비판에 사실 왜곡 반발
20745,동정 김종서 서울경제신문 부국장 ROTC중앙회 올해의 언론인
20746,이탈리아 볼로냐대학서 열린 한국 소프트파워 세미나
20747,알파고 더 강해졌다…많은 업그레이드 진행종합
20748,시즌 첫 골 손흥민 모든 상황 준비해 좋은 결과로 이어졌다
20749,에이디테크놀로지 74억원 규모 개발 위탁계약 체결
20750,윤소하 5·24 조치 해제해 남북교류 활성화해야
20751,나경원 경제청문회 먼저하고 추경심사 돌입해야…與에 통첩종합
20752,프로야구 퓨처스 여름리그 춘천서 23일부터 시작
20753,월드컵 신경전 벌이는 기성용
20754,추억의 명곡 엮은 주크박스 뮤지컬 봇물
20755,일본 8월 수출 전년비 9.6%↓…무역수지 석달 만에 적자 전환
20756,보성녹차밭 설경
20757,통일부 김영철 방남 수용 쉽지않은 결정…대승적 이해 부탁종합
20758,삼성전자 네트워크사업부장 교체될듯…화웨이 잡는다
20759,인사혁신처 균형인사협의회 회의
20760,檢 대통령 수사시점 결정안돼…핵심 관련자 조사 이후 할듯
20761,FC서울 지독한 불운에 눈물…인천과 11 무승부 7경...
20762,베테랑 골키퍼 카시야스 FC포르투와 계약 연장…1년 더
20763,여야방미단 내일 출국…日부당성 지적·외교합의 노력 병행
20764,조선·자동차 등 주력산업 중소기업에 3.5조 정책금융 지원
20765,고춧가루 팍팍 KB손해보험 현대캐피탈까지 잡았다
20766,SK텔레콤삼성전자 국제표준 기반 5G 전용 교환기 개발
20767,개성공단 폐쇄 100일…남북교류 올스톱 상태
20768,프로농구전망대 잔치 끝난 프로농구 이제는 치열한 순...
20769,증권가 대림산업 실적 호평 잇따라…목표가 올려
20770,中국경절 관광객 25만명…인천공항 내달 9일 가장 붐빈다
20771,상한제 부정적…FA 늘리면 가격 내려가…KBO 윈터미팅
20772,개인 최다 블로킹 8개 최민호 우리 팀 서브가 좋은 덕
20773,이해찬 남북철도 공동조사 제재 면제는 의미 있는 결정
20774,갤노트10 써보니…한 손에 쏙 크기·S펜 텍스트 변환 눈길종합
20775,내일날씨 오후에 전국 비…일부지역 시간당 20㎜ 강한 비
20776,유일호 현대상선 용선료 협상 안 되면 법정관리…협상 압박
20777,中보건당국 흑사병 주의 당부…환자 1명 위중종합
20778,美 블링큰 北 핵실험에 강력대응 필요…한민구 장관 면담
20779,WNBA 라스베이거스 항공편 지연으로 4일 워싱턴전 취소
20780,KT 갤럭시J7 오늘 단독 출시…최저 5만원대 구매가능
20781,미 하원서 이스라엘 보이콧 반대 결의안 통과
20782,네덜란드 극우정치인 반이슬람 트윗 올렸다 계정 차단돼
20783,제9회 서울미래연극제 대상 메이데이
20784,행복은 삶의 목표가 아니다…피터슨 12가지 인생의 법칙
20785,NC 퓨처스팀 고양시 떠나며 야구용품·기부금 전달
20786,포털 주소록 앱 메신저 피싱 악용 우려…주의해야
20787,므누신 美재무 미중 무역협상 마친 뒤 건설적이었다
20788,민주 탄력근로제 확대 입법 시급…한국당 압박 본격화
20789,김환기 달과 매화와 새 추정가 19억30억에 출품
20790,美상원도 아르메니아 학살 결의안 통과…터키 반발
20791,아름다운 뒷모습…마지막 노래 뒤돌아서서 부른 호세 카레라스
20792,中 왕이 12∼13일 러시아 방문…국제문제·양국관계 등 논의
20793,커브로 농락한 류현진…커브로 망친 그레인키
20794,부패 끝판왕 모잠비크 20억달러 대출사기 6년만에 전모
20795,SKT 5G에 모바일엣지 기술 도입…서비스 지연시간 단축
20796,경기 중부권 11개 시 오후 1시 오존주의보 발령
20797,시차적응 중 우루과이 비공개 훈련으로 한국전 담금질 마무리
20798,4월부터 통신사 고객센터 점심시간엔 긴급상담만 받는다
20799,아랍연맹 트럼프 골란고원 선언 비판…국제법 위반
20800,컴투스 모바일 야구게임 MLB 9이닝스 16 출시
20801,美정부 연일 中화웨이 공격…5G장비 구축 LGU 곤혹
20802,출시 하루 앞둔 삼성 갤럭시폴드 써보니…결함논란 개선 뚜렷
20803,朴대통령 구조조정·노동4법 패키지론…복지포퓰리즘 비판
20804,민주콩고 독립 59년만에 선거로 첫 정권교체…부정선거 의혹종합2보
20805,군 복무 후 용병급 활약 두산 정수빈 결승타까지
20806,北 핵실험으로 대북민간단체 北수해지원 사업도 올스톱
20807,프로배구 전문가들 대한항공현대캐피탈 양강 구도 전망
20808,美 지난달 리비아서 사라진 드론은 러시아 방공망에 격추
20809,데이터 사업에 1천787억원 투입…과기부 14일 설명회
20810,바른미래 두집살림 정리…당사·연구원 합치고 인력 50% 감축종합
20811,주말 N 여행 호남권 대중음악현대미술 조우…아시아문화전당 첫돌행사 풍성
20812,잘츠부르크 황희찬 3경기만에 출전…상대 자책골 유도
20813,포털에 음란물 차단 의무 강화땐 과잉 검열 우려
20814,美규제안에 철강株 엇갈린 반응…영향 제한적 분석도
20815,입법촉구 서명 전방위 확산…현대차 대금 조기지급
20816,게시판 미래부·연구성과실용화진흥원 성과확산 워크숍
20817,우크라 대통령 트럼프와 수사 대가 대화 없었다
20818,KISTEP 이사회 박영아 원장 연임 결정
20819,국제과학기술경진대회서 본상 받은 한국 고교생들
20820,아시안게임 AG행 막차 탄 황재균 3경기 연속 홈...
20821,카카오 음란물 방치 처벌 위헌 소지…법원 결정문 보니
20822,네이버 쇼핑 2분기 거래액 작년 대비 38% 증가
20823,北 선군절 맞아 김정일 띄우기…국보 중의 국보
20824,에넥스텔레콤 원하는 대로 설계 알뜰폰 요금제 출시
20825,프랑스 대통령 직속 르완다 학살 진상조사위 출범
20826,서민형 안심전환대출 신청 닷새 만에 14조원 육박
20827,佛 내무장관 클럽서 젊은 여성 포옹 사진 공개돼 구설
20828,한미 北 어떤 공격도 격퇴…핵도발시 압도적 대응한다종합2보
20829,국민의당 호남 이어 영남서 총선 지지 감사인사
20830,통 큰 투자 엘롯기 2018년에는 저주 풀릴까
20831,노조 240명 vs 조합 90명…광주 시내버스 운전원 충원 시각차
20832,靑 대통령 이란 방문때 필요하면 총리 주재 NSC 개최
20833,올해 남북관계 쉽지 않을 듯…北김정은 신년사 전문가 진단
20834,나이스신평 통합감독 도입땐 삼성·미래에셋 영향 커
20835,G7 씽큐 출격 앞두고 구형폰 재고떨이…G6·갤S8 지원금↑
20836,네이버 궁금증 해결사 자청 분야별 지식인 130명 선정
20837,최순실 국조 朴대통령 면담한 8대 그룹 총수 증인 채택키로
20838,한국운용 벨기에 외무부 청사 투자하는 펀드 출시
20839,모차르트와 살리에리 한 오페라 무대서 만난다
20840,프로농구 KCC 전자랜드에 막판 뒤집기…5차전서 결판
20841,강원교육청 소규모 학교 27교 통폐합 추진
20842,오늘 밤부터 아침 사이 남해안 또 집중호우…추가피해 우려
20843,지원금 상한제 폐지…통신비 인상 가능성에 촉각
20844,사상 최대 CES 혁신과 모호함을 넘나들다
20845,방사선 걱정…손자에게 오라고 못해 주민 복귀안하는 후쿠시마
20846,완전히 회복한 기성용 두 경기 연속 풀타임 출전종합
20847,스마트폰에 신용카드 대면 삑 새 본인 인증 나온다
20848,시리아 다마스쿠스서 대규모 폭발 사상자 다수…테러 추정종합
20849,선장 바뀐 카카오…여민수·조수용 공동 대표 체제로
20850,악수하는 홍영표 원내대표와 김동연 부총리
20851,게시판 한중일 언론간부 세미나
20852,오바마 사드는 순수한 방어 체제…北위협 대응 위한 것
20853,美랜드연구소 北 2020년 핵무기 50100개 보유
20854,前 삼성 투수 아델만 신시내티와 마이너 계약
20855,美 중국과의 남중국해 영유권 분쟁국들에 공개적 대응 주문
20856,박철우 라이트 허수봉의 등장 반갑다…허수봉 더 좋아져야죠
20857,정연주 해임 반대시위에 경찰 투입 과도한 측면 있었다
20858,LG유플러스 U포켓빔 출시
20859,남북통일농구 오늘 혼합경기로 팡파르…김정은 관전 가능성
20860,中매체 항모킬러 둥펑21D 훈련 장면 또 공개…美 견제용
20861,북한 군인 이름 등장하는 문서
20862,설 세일에 부가세 환급까지…유커 씀씀이 커지나
20863,정부 3번째 업무보고
20864,與 강력한 당 대표 체제 개편 가닥…문제는 누가종합
20865,이총리 러시아 동방경제포럼 참석…푸틴 대통령과 면담
20866,인공지능 포커서도 프로 4명에 압승…20억 원 이상 따
20867,MLB 가문의 영광…조부 따라 홈런·부친 따라 사이클링...
20868,SK국제전화 00700 서비스 20주년…3천만명 24억분 이용
20869,미국 마이애미 코리안 아트쇼·서울옥션블루 경매
20870,회계규정 위반한 15개 통신사업자에 10억 과징금
20871,SNS돋보기 한파 물러가고 낮부터 평년기온 회복…모두 파이팅
20872,KT 멀티캠퍼스와 기가지니 SERICEO 서비스 론칭
20873,시진핑 홍콩에 무력개입 대신 준엄한 법 집행 지시종합
20874,첫 스프링캠프 한용덕 감독 꼴찌 후보 평가 속으로는…
20875,코웨이 주당 800원 분기배당 결정
20876,朴대통령 변호인 내주 조사 이뤄지도록 협조…금주 무산종합
20877,바이오경제 활성화 국가 RD에 올해 3조원 투자
20878,아시안게임 오자마자 더블더블 박지수…단일팀 합류 효...
20879,판문점 선언 감격의 눈물
20880,손흥민 맨시티가 무적 그들도 인간일 뿐…두렵지 않다
20881,여자배구 용병 앳킨슨·파스구치 시험 가동…디우프는 개봉박두
20882,朴대통령 김정은 거명 비판…8월의 수치 北인식 공개하기도
20883,농구장에서 새해맞이…31일 밤 11시 LG kt 격돌
20884,친이란 이라크 민병대 美 주둔지·무기고 폭발에 책임
20885,게시판 신협중앙회 아시아 6개국 신협 임직원과 연수회
20886,EU집행위원장 브렉시트 협상시간 촉박…전환기간 연기 필요
20887,수단·UAE 리비아 동부 군벌에 무기지원…유엔제재 위반
20888,동서발전 2·3차 협력사 대출이자 부담 덜어준다
20889,동물 세포 이식해 전기 없이 움직이는 바이오 로봇 개발
20890,배구연맹 27일 이사회서 차기 시즌 V리그 경기 일정 확정
20891,사우디 주미대사에 여성 첫 임명…카슈끄지 사건 만회 시도
20892,기업 호실적 덕에…작년 가계배당금 소득 25조원 사상 최대
20893,미래부 미국과 사이버위협 대응기술 공동개발
20894,코이카 이집트사무소 난민 어린이·고아 위한 문화행사 개최
20895,KT 광주세계수영선수권대회 5G 기술로 완벽 지원
20896,삼성 갤노트9 붐업…보상판매 시작·실버 색상 출시
20897,류현진 11일 오타니와 첫 대결 전망…시즌 10승 도전종합
20898,北 이중적 행태…전방위 위협하면서 테러설은 부인
20899,인터넷진흥원 내년초 윈도7 기술지원 종료…OS 교체 권고
20900,거래소 디지털 광고회사 인크로스 코스닥 상장 승인
20901,질의 듣는 한인섭 한국형사정책연구원 원장
20902,두산SK 선수들이 말하는 이래서 우리가 우승한다
20903,삼성 갤S10 이번엔 SW 베타 업데이트 시 잠금해제 안돼 논란
20904,6.15북측위 민족공동행사 결렬에 우리 정부 비난
20905,터키 에르도안 필요할 경우 리비아 군사 지원 강화할 것
20906,중소기업서 합금제조 실험 중 폭발…회사 간부 사망
20907,사우디 이란 대통령에 메시지 전달했다고 와전
20908,SBS노조 태영에 전면전 가족회사로 SBS 콘텐츠 하청 독점종합
20909,KBO리그 평균 연봉 1억5천만원 돌파…KIA는 평균 2억원
20910,더민주 영입인사 광주·전남 민심 공략 나서
20911,신라스테이 5주년…고객 11명에 11개 지점 무료이용권
20912,에티오피아서 휴대전화 메시지·인터넷 차단돼…국민 분통
20913,최태웅 감독 전광인의 팀 공헌도는 절반 이상
20914,가빈·아가메즈 낙점 유력…산체스도 V리그 유턴 가능성
20915,朴대통령 北 폭압적 공포정치…결코 타협하지 않을 것
20916,이 총리 태권도 품새 남자단체전 시상
20917,보험사들 휴면보험금 3년 평균 14%만 서민금융진흥원 출연
20918,1년 자격정지 김호철 감독 체육회 재심 청구…팬들에...
20919,이탈리아 무허가 난민선 입항 시 최대 6천500만원 벌금
20920,터키 경찰 단식 親쿠르드 정당 당원 7명 체포
20921,루시아도 국가대표 차출…흥국생명 박미희 감독 우린 4명 빠져
20922,북한 장거리 미사일 발사 실패 가능성속보
20923,SK루브리컨츠 하이브리드차에도 적합한 친환경 윤활유 출시
20924,연 30조 항공기 인테리어 시장 한국이 뛰어들어야
20925,경기도 25개 시·군 오존주의보 모두 해제
20926,휴켐스 2분기 영업익 274억원…42.5% 감소
20927,추신수 휴스턴전 3타수 무안타…시즌 타율 0.167
20928,이상백배 한일대학농구대회 18일 인천서 개막
20929,프랑스 스타셰프 한국 총출동…한·불 수교 130주년종합
20930,손흥민 2분 출전 토트넘 첼시 14연승 저지종합
20931,스페인 극우당 당직자 장애인성폭력 혐의로 체포
20932,일본 수출규제·호주 금리인하에 원달러 환율 상승
20933,문정원 5연속 득점 화려한 서브쇼…어릴 때부터 자신 있었다
20934,이청용 동료 자하 맨유·리버풀 팬들이 인종차별 메시지
20935,핀테크 보안점검 지원받으세요…금융위 연말까지 접수
20936,아프리카 보츠와나 총선서 집권당 승리…마시시 대통령 연임
20937,미래부·행자부 정보화책임관 협의회 열어
20938,군사봉기 실패…베네수엘라 혼돈 가중 과이도는 파업 카드
20939,NBA 클리블랜드 연패는 탈출했지만…꼴찌 올랜도에 1점차...
20940,탈레반대표단 러 방문…미국과 대화 계속할 준비 돼 있어종합
20941,자금세탁 의심거래 100만건 육박…가상화폐 늘자 86%↑
20942,오스트리아서 20대 남성 전 여자친구 가족에 총격…5명 사망
20943,게시판 NHN 기술부문 신입사원 공개채용
20944,프로야구전망대 두산 안방에서 정규시즌 우승 샴페인 열까
20945,하늘이 살린 아기…교통사고 사망 엄마에게서 극적 소생
20946,평범한 슈팅은 가라…EPL 흥분시키는 전갈슈팅·태권슈팅
20947,미중 무역협상 계속…中 류허 부총리 워싱턴행
20948,국립중앙박물관 손기정 투구 전시공간 단장
20949,트럼프 파리기후협정 취소…키스톤XL 송유관 건설 허용
20950,프로농구 삼성 kt에 1점 차 승리 거두고 3연승 6강...
20951,북한 지난 19년간 김정일화 축전장 찾은 인파 750여만명
20952,게시판 기업銀 하키협회에 아시안게임 후원금 2억원 전달
20953,휴스턴·양키스 1승 더하면 ALCS 진출…최지만 무안타종합
20954,게시판 교보문고 유명 저자 초청 명강의 빅10 시리즈 진행
20955,두산인프라코어 협동로봇 설치 안전인증 1호 획득
20956,프로야구 넥센 톱타자 이정후 어깨 부상으로 시즌 아웃
20957,통일부 개성공단 북한근로자 출근 안 해…北당국 조치종합
20958,카카오맵 3D 스카이뷰 기능 6개 광역시로 확대
20959,언론중재위 허위 기사 쓴 인터넷 매체에 1천만원 배상 결정
20960,北 백두산 천지에 최근 대리석 난간 새로 설치한듯
20961,알뜰폰 시장 후끈…4만원대 무제한 요금에 가입자 쇄도종합
20962,역사서로 살피는 조선시대 여성과 무인의 위상
20963,주말까지 폭염 절정…일부 올여름 최고기온 기록할 듯
20964,이마트 2월 총매출 1조1천602억원…작년 동기比 2.9% 감소
20965,하나금투 다음주 코스피 2020∼2060선 예상
20966,게시판 투교협 중·고생 대상 금융투자 체험교실
20967,바른전자 반기 재무제표 검토의견 의견거절
20968,美 애틀랜틱시티 부채 갚으려 공항 경매 내놓아
20969,4년 논란 승무·태평무·살풀이춤 9명 보유자 인정 예고
20970,일문일답 이주열 고용부진 완화돼…제조업은 개선 더뎌
20971,스스로 자부심을 높이자…한화 워크숍으로 시즌 마무리
20972,수도권 아파트값 두달째 보합…전세도 잠잠
20973,SKT 7천500억 중소기업 경쟁력 강화 프로그램 운영
20974,특징주 SK증권 새 인수 주체 등장 소식에 강세
20975,차범근·박지성과 어깨 나란히 손흥민 지금부터는 새 역사
20976,홍천강 별빛음악 맥주축제
20977,朴대통령 민심청취 스타트…국정동력 확보 나서나종합
20978,美팩트체크 전문가 검증 보도 덕분에 정치인 거짓말 줄어
20979,KT 스카이십으로 아동 불법노동 감시한다…KT유니세프 협약
20980,코오롱인더스트리 작년 연결 영업이익 28% 감소
20981,주말 N 여행 충청권 지글지글 불판 위 삼겹살에 마늘·양파 더해 한입 꿀꺽
20982,에티오피아 남부서 산사태로 최소 22명 숨져
20983,관악구 강감찬축제 23만6천명 관람…6억8천만원 경제효과
20984,거래소 지와이커머스 주권거래 정지 기간 변경
20985,터키 IS 연루 혐의 외국인 17명 체포
20986,박봉주·최룡해 상무위원 승진 대중 관계개선 포석
20987,톈안먼 탱크맨 포착한 美사진기자 찰리 콜 별세
20988,트럼프 적자 스코틀랜드 골프장에 고급주택 단지 건설
20989,中 상반기 민감 제품군 대북 수출 급증
20990,불이 났어요 자동으로 119에 신고한 자동 화재속보 설비
20991,영상 한일 양측에 매우 실망…미국 일본에도 첫 실망 표명
20992,이라크총리 민생고 시위 100여명 사망 진상조사 지시
20993,이란 의회 혁명수비대 테러조직 지정 美 보복법안 가결
20994,그래픽 부산시장 주요 후보 오거돈·서병수 비교
20995,노벨문학상 뽑는 스웨덴한림원 성추문 파문 종신위원 교체
20996,삼성전자 TV PLUS 신규 서비스로 볼거리 가득
20997,野 KBS사장 위증 공세…노래방 법카 공방 되풀이
20998,액티브X 필요없는 전자서명기술 한자리에…13일 기술설명회
20999,5세트 승부사 김연경 18점…엑자시바시 챔프전 2승 ...
21000,제주 산지 대설·강풍…해상엔 풍랑 여객선 운항 통제
21001,차기 국립현대미술관장 임용서 역량평가 건너뛸 듯
21002,올림픽 北매체 아직 조용…기대 이하 성적 때문
21003,손흥민 긍정의 힘 불어넣는 선수 토트넘 동료들 한목소리
21004,자멸한 모비스…유재학 감독의 연속 4강 진출 기록도 스톱
21005,국정원 北 美·中에 핵실험 사전통보는 안해
21006,아이폰8 국내 1호 개통자 나와…LGU 유심으로 일본서
21007,한국 상륙 서커스 마을…긴장과 아름다움 공존
21008,SKB·KT 파리 통신 콘퍼런스서 차세대 네트워크기술 소개
21009,일본서 열린 대법원 판결을 생각하는 집회에 참석한 변호사
21010,부마민주항쟁 국가기념일 지정 촉구
21011,NBA 유타재즈 LA레이커스 꺾고 PO진출 확정
21012,이란 혁명수비대 걸프해역서 외국 유조선 또 억류
21013,CJ 작년 영업익 1조3천325억원…0.5% 증가
21014,6·13 선거 광역단체장 밤 10시30분께 윤곽…자정이면 승부 갈린다
21015,MWC는 갤럭시S9 독무대…화웨이·LG 플래그십 발표 없어
21016,美뉴햄프셔 경선 샌더스 유권자들 진짜 변화 갈망
21017,김재원 박지원 면담하고 우상호 통화…靑野 채널 가동
21018,보수단체 북한방송과 공동제작 검토한 방통위 국보법 위반
21019,문재인 전 대표 강원 지원…정청래 탈락에 음…
21020,게시판 KT스카이라이프 skyUHD A＋ 출시 기념 이벤트 진행
21021,KT 대전진흥원과 5G 기반 영상데이터 관리기술 개발 추진
21022,프랑스 이란에 핵합의 의무 위반 삼가라
21023,기재위 조세소위서 법안 심사 시작…종부세법 진통 예고
21024,외계인이냐 잡신호냐…95광년 떨어진 별에서 이상신호 포착
21025,갤노트9 128GB 109만원·512GB 135만원…13∼20일 사전예약종합
21026,제62회 신문의 날 기념세미나
21027,은성수 확고한 금융시장 안정 최우선 과제…금융혁신도 가속
21028,뮤지컬도 떼창을…광화문 연가 싱어롱 도입
21029,퇴직연금 설명때 비교대상 수익률 기재…상품제안서 표준화
21030,美텍사스서 보안관 총격 피살…매복저격보다 강도사건에 무게종합
21031,어디서나 지니야…KT 휴대성 높인 기가지니 LTE2 출시
21032,靑 총선사범 기소는 검찰의 판단
21033,실명제후 차명계좌도 과징금 추진…이건희 나머지 계좌 영향권종합
21034,SK텔링크 내달 7일은 국제전화가 공짜…상품권 환불
21035,특징주 OCI 실적 개선 전망에 신고가종합
21036,中 대학들 학생 성폭행 교수 잇단 해임…누리꾼 환영
21037,與 전대 朴心 변수 되나…비박계 주자 반발종합
21038,LG 스마트폰공장 베트남 이전 후 적자 대폭 축소…V50S에 기대
21039,라건아·이종현 동반 더블더블…현대모비스 11연승 질주종합
21040,3·1절 꿀맛 휴일…경기지역 나들이객 북적
21041,증시신상품 유안타증권 조기상환 ELS 등 4종 공모
21042,심재철 원포인트 본회의 날치기 사과·재발방지 약속 먼저
21043,원스토어 앱 유통 수수료 인하…30%→5%까지
21044,김영하 새 소설집…지난 7년간 내 삶도 둘로 나뉘었다
21045,호주 대학생 주택 임대시장서 외국인 상대 갑질 빈번
21046,청년 고용 지원방안 보고하는 김영주 장관
21047,한국 IT 소프트웨어 비중 15% 불과…美 62%·中 58%
21048,아픈 꽃을 보시겠어요…박서원 시전집
21049,영상 올가을 동네 서점의 매력 속으로 빠져볼까
21050,우병우 교체 한 달도 안돼 180도 뒤바뀐 靑·檢 관계
21051,SK CC 로보틱 프로세스 자동화 돕는 챗봇 솔루션 개발
21052,증시신상품 유진투자증권 연 4.7% 수익 추구 ELS 모집
21053,무례 외교 고노 日외무상 교체설 부상…아베 11일 개각
21054,대한민국농구협회 공인 2급 심판 수련생 모집
21055,펜스 美부통령 대만과 단교한 솔로몬제도 총리와 만남 거부
21056,EMK 세번째 창작뮤지컬 엑스칼리버 내년 초연
21057,너무 자주 바뀌는 프로농구 외국인 선수 제도…팬들도 불만
21058,미 중국산에 추가 관세부과…원달러 환율 상승 출발
21059,현대모비스 양동근·이대성 없이 LG 대파…최단기간 23승
21060,베스트셀러 대한민국 부동산 사용 설명서 돌풍
21061,레바논 대통령 시위대와 대화할 준비 돼…개혁이행 약속
21062,朴대통령 지지도 36%로 올 최저치…與도 동반하락갤럽
21063,대형 서점 시장 쟁탈전 속 지역 중소서점 존폐 위기
21064,대전서 한·일 핵융합 연구 협력 회의 개최
21065,베네수엘라 공항에 금괴 20t…러시아行
21066,다저스 커쇼 시뮬레이션 게임 소화…건강해 보였다
21067,갤럭시 팬 모여라…삼성 갤S9 출시기념 팬 파티 진행
21068,LG 메모리 용량 다양화한 G6·G6 32GB 버전 내달 출시
21069,펠로시 탄핵안 상원行 늦추나…공화 압박술로 활용할 듯
21070,방송사 선호도 1위 JTBC·2위 KBS…수치는 소폭 하락
21071,신간 수학의 원리 철학으로 캐다·내손안의 헌법
21072,지역케이블TV 지상파 동시재송신은 저작권 침해
21073,네이버 5G망으로 모바일 4K 화질 생중계 지원 추진
21074,국고채 금리 일제히 올라…10년물 3년반 만에 최고치
21075,게시판 통일교육원 통일동화 점자책 수정 발간
21076,캐나다 총선 자유당 승리…트뤼도 총리 소수 정부로 재집권종합3보
21077,마라도나 호날두 믿기 어려울 정도로 잘하지만 메시
21078,아시안게임 D100 농구 남북 단일팀 희망은
21079,3대 소셜커머스 작년 8천억 적자…존속 가능성 논란
21080,천수만 양식장 현황 듣는 양승조 충남도지사
21081,日·인도 중국 견제 방위협력 강화…군수지원협정 체결 추진
21082,암치료·난치성 질환 등 첨단의료 기술에 575억 투자
21083,사지 않고 구경만 한다고 판매직원이 욕설을…외국인 관광객종합
21084,한국전 함께 전사 미군 쌍둥이 형제…70년만에 나란히 안장
21085,메르켈 이메일 등 獨정치인 수백명 정보 해킹…트위터로 유출종합
21086,서울시향 부지휘자에 홍콩 출신 윌슨 응 선임
21087,캐나다 학교서 총기사건…경찰 2명 사망·다수 부상
21088,면역세포의 배신…뇌종양 성장 돕는 면역세포 발견
21089,北 김일성 띄우기…22주기에 조국통일운동 헌신 선전
21090,獨내각 석탄화력 퇴출지역 지원법 승인…2038년까지 53조 지원
21091,네이버 동영상 시장 유튜브와 경쟁으로 고민 많아
21092,베트남 총리 최근 남중국해의 복잡한 상황 심히 우려…中 겨냥
21093,크리스 세일 7년 연속 200탈삼진 돌파…MLB 역대 5번째
21094,LGU＋ 작년 유무선 매출 증가…영업익 6천323억종합
21095,이란 시아파 벨트 이라크·시리아와 밀착…美제재 돌파구찾기
21096,SNS돋보기 경찰 유명인 미투 사건 수사 검토…진실 밝혀야
21097,금융위원장 자동차 부품업체 현장 간담회 진행
21098,고동진 사장 갤럭시S8 도자기 굽듯 만들었다종합
21099,여자농구 삼성생명 15일 홈경기서 허윤자 은퇴식
21100,중국서 딸 늦게 오자 비행기 이륙 막은 엄마 영상 논란
21101,인삼공사 울산 모비스 꺾고 4강 PO 눈앞…사이먼 원맨쇼
21102,네덜란드 폐업한 北식당에 8천만원 벌금 징수
21103,올해 상반기 인수합병 상장사 47곳…6.0% 감소
21104,구글 5년내 기계와 효과적 대화 가능…사람 수준은 불가
21105,美 LA 한인 서류미비자도 11월부터 운전면허증 신청 가능
21106,젊은 작가 발굴 대산대학문학상 수상자 5명 발표
21107,애플 뮤직에 성인용 콘텐츠 추가…5천만곡으로 확대
21108,배트 던지기 보복한 캔자스시티 투수 5경기 징계
21109,손흥민이 EPL서 가장 저평가된 선수…英언론 호평 일색
21110,방한 외국인 절반은 중국인…관광객 다변화 노력 필요
21111,강백호·박치국 올스타전서 유쾌한 투타겸업 활약
21112,트럼프 G20서 푸틴과 회담…군축협정에 中 포함해야한다 말해종합
21113,넥슨 모바일 RPG 히트 글로벌 버전 7월 7일 출시
21114,레알 마드리드 눈독 이강인 발렌시아와 재계약
21115,넷마블 블소 레볼루션 오늘 출시…리니지2 흥행이을까
21116,미국 페이스북 뉴스 이용자 50% 페이스북으로만 뉴스 본다
21117,송인서적 부도에 출판계 수백억 피해…문체부 지원책 모색종합
21118,北미사일 한발 초기에 폭발…핵기폭장치 실험 거짓 가능성
21119,이라크 바그다드서 반정부 시위대에 발포…1명 사망
21120,오보에 샛별 함경 RCO 나와 핀란드 방송교향악단 갑니다
21121,국방부 정책실장 사드 보고누락 질문 세례에 묵묵부답
21122,국내 스마트폰 최대 앱 기업은 카카오·구글·네이버
21123,삼성바이오 분식회계 대심제 적용…치열한 공방 불가피종합2보
21124,애플 아이폰XS·XR·애플워치4 11월 2일 국내 출시
21125,트럼프 아프간 철군 회의…좋은 회의…가능하면 거래종합
21126,통일부 당국자 北 당 대회 소집공고 곧 할 듯
21127,프린스와 함께했던 밴드 레볼루션 곧 재결합 공연
21128,박양우 장관 기자간담회
21129,바른미래 문 대통령의 개헌 압박 헌법 정신에 위배
21130,존 월터 대령 골든레이호 구조 당시 상황은
21131,4월 남북정상회담 이어 5월 북미정상회담…한반도정세 대반전종합
21132,손흥민 기성용 앞에서 아시아선수 EPL 시즌 최다 9골종합
21133,제임스 이탈한 레이커스 새크라멘토에 1점 차 패배
21134,프로배구 V리그 시상식 4월 1일 개최…정규리그 MVP 관심
21135,도입 한달 KRX300 선방…아직 갈길 멀어
21136,김연경 휴식 여자배구 최약체 케냐 완파하고 2연승
21137,법원 엄마 따라 국적 취득 귀화 아냐…전시근로역 대상 안돼
21138,고영표 5이닝 1실점 호투…kt 삼성에 승리
21139,北 남포항서 김정은 사용 추정 호화 요트 포착
21140,위클리 스마트 애플코리아 올해 한국서 얼마나 벌었을까
21141,6월에만 53개…롯데 KBO리그 월간 최다 홈런 신기록
21142,NBA 디트로이트 드러먼드 퇴장 악재 속 5연승
21143,이란군 시리아 공격 임박 터키 쪽 국경서 긴급 훈련
21144,농협은행 IT부문 디지털전환 추진전략 보고회
21145,냉전시대 美핵실험장 태평양 섬나라…방사능 유출 우려 신음
21146,2020 대한민국 연극제 6월 세종서 열린다
21147,IS 치하 출생 이라크 아동 4만5천명 무적…사회에서 배제
21148,국민의당 자존심 버렸다 교섭단체 3석 확보에 사활
21149,P2P 허위대출·돌려막기 차단…검경 횡령·사기 집중단속종합
21150,한국형 발사체 시험발사 연기…연료탱크 용접 등 문제
21151,맨유 루니 유니폼 교환하려다 거절당해…뻘쭘
21152,베네수엘라 반정부 시위 취재 입국 알자지라 방송 언론인 추방
21153,석유시설 공격받은 사우디 아람코 기업공개 돌연 연기
21154,그림 속에 숨은 인권이야기 불편한 미술관
21155,北 김정일 5주기 맞아 제재 배격·체제 과시 집중
21156,영국 찰스 왕세자 10월 일왕 즉위 의식 참석
21157,기념촬영 마친 각국 정상들
21158,부동산캘린더 쏟아지는 분양물량…전국 2만가구 청약접수
21159,인도 여당 총선 단독과반 303석 확보…선관위 공식 발표
21160,조선 문신 서유구가 꼽은 명당 233곳은 어디일까
21161,경기도 전역 미세먼지 주의보…야외활동 자제종합
21162,평창동계올림픽 기간 올림픽 방 임대 현수막
21163,여야 지도부 현충원에 총집결…애국가 제창종합
21164,거래소 코스닥시장 간접투자 설명회 개최
21165,英 재협상 공세에 EU 합의문 불가·미래관계 가능
21166,러터키 밀착 행보 지속…푸틴에르도안 올들어 세번째 회담
21167,여전히 유튜브 압도적…중장년층 모바일 영상 이용 증가
21168,갤럭시노트8 뉴욕서 공개 D1…철통보안속 준비 한창
21169,소설가 백민석이 카메라에 담아온 쿠바 사람들
21170,구글홈 말고 구글놈…진지하게 웃긴 구글식 만우절 농담
21171,문 대통령 국정지지율 66.8%…전주보다 1.3%p 하락리얼미터
21172,분단 70년만에 남북정상 핫라인 연결…첫 통화 내용 주목
21173,FIFA 北 근로자들 러시아 월드컵 경기장 건설에 투입돼
21174,차세대 감미료 알룰로스 인체 체지방 감소 효과
21175,방송협회 국민 41％ 지상파 중간광고 찬성 28％ 반대
21176,10명안팎 뽑는 NASA 우주인 공채에 1만8천명 지원…역대 최다
21177,장윤호 KBO 사무총장 한국형 야구 산업화에 힘쓰겠다
21178,아베 개헌논의 안 해도 좋은지 선거서 물을 것…개헌 이슈화
21179,청주 CBS 내년 하반기부터 충북 북부권 방송 송출
21180,내달 초 LA 다저스 구장서 한국관광의 밤 행사
21181,라벨라오페라단 창단 10주년 기념작 돈 조반니 17일 개막
21182,북한 김정일 생일 중앙보고대회…우상화 주력
21183,차의과학대 현대그린푸드·현대백화점과 사회공헌협약 체결
21184,KT 대한민국을 외쳐라 당신도 5G 국가대표 이벤트 진행
21185,갤럭시노트7 사태에 경제 휘청…생산·소비 동반 감소
21186,3당체제 20대국회 現 18개 상임위체제 손볼까
21187,아베푸틴 오늘부터 정상회의…영토반환·경제협력 빅딜 나오나
21188,NBA 마이애미 휴스턴 연승행진에 제동
21189,구마모토 지진 고베 대지진급 진동에도 사망자는 700분의 1
21190,지팡이 짚은 거장 지휘봉 드니 소리는 휘황찬란
21191,안철수 대통령 일방독주 아닌 진정한 협치로 난제풀어야
21192,737맥스 후폭풍 보잉 세계 1위 타이틀 에어버스에 내줄듯
21193,샤오미 인도 시장 6분기 연속 1위…삼성 갤럭시M으로 추격
21194,여야3당원내수석 특검법 합의
21195,美대사대리 단호한 비핵화 입장 불변…정의용 방미 기대
21196,황희찬 허벅지 부상으로 결장…벤투호 합류 불투명종합
21197,프로농구 KCC 오리온 꺾고 공동 6위 도약
21198,황우석 인간복제줄기세포 미국 특허 등록
21199,위클리 스마트 지원금 상한 없어지면 스마트폰 싸질까
21200,블록체인과 핀테크
21201,경영난 싸이월드 홈페이지 불통…20년 만에 역사 속으로
21202,구글 3세대 크롬캐스트 출시…신세계아이앤씨 단독 판매종합
21203,청주시 내년 국비 목표액 1조1천921억원…올해보다 5%↑
21204,롯데쇼핑 3분기 영업이익 876억원…작년 동기 대비 56%↓
21205,꼭 안고 익사한 아빠와 아기…멕시코 국경비극 담은 사진 충격
21206,힘 조절이 어려운 KBO 상벌위…양형기준 마련 시급
21207,부산 하반기 부동산시장 부정적 전망 우세
21208,2016년 새해 첫날 부산 해맞이 인파 35만명
21209,DB 두경민 버튼 이런 외국인 선수는 처음이야
21210,서해 기상 악화…인천∼백령 등 3개 항로 통제
21211,새누리 이번엔 예비후보 사전여론조사 결과 유출 논란
21212,野 朴대통령 소통·협력 의지 다행…구조조정·남북관계 실망종합
21213,임종석 DMZ방문 논란에 장관 대동 표현 적절한 설명 아냐종합
21214,홍영표 탄력근로제 단위기간 6개월로 확대 검토
21215,김명준 원장 ETRI 인공지능 종합연구소로 거듭나겠다
21216,피닉스 NBA 신인 드래프트 1순위로 키 213㎝ 에이턴 지명
21217,78년 전통 맹해차장 보이차를 즐겨보세요
21218,눈물 참는 안철수
21219,정비사업 지지부진 7곳에 뉴스테이 1만가구 공급
21220,납품업자 TV홈쇼핑으로부터 사전제작 영상물 사용료 받는다
21221,서울옥션 제152회 경매 개최
21222,일요일 마라톤·차 없는 거리 행사…서울 도심 교통 통제
21223,바둑 정복 알파고 이제 의료·과학 분야 무한도전 나선다
21224,우루과이서 잡힌 이탈리아 마피아 두목 한밤중 탈옥
21225,정규성 회장의 개회사
21226,국립과학관 58일 연휴 맞아 가족 프로그램 준비
21227,창구서 꽉 막힌 대출 언제 열리나…최소 이틀은 소요될 듯
21228,재즈 명가 美블루노트 레이블 설립 80주년 기념공연
21229,남북정상회담 메인프레스센터 방문한 도종환 장관
21230,전북시민단체들 상산고 자사고 유지결정은 교육개혁 포기선언
21231,애플 소프트뱅크 비전 펀드에 10억 달러 출자
21232,평통사 방위비 협상 규탄한다
21233,손학규 총선 지원 안나서기로…정계은퇴 약속 지키는 것
21234,프로농구 D리그 29일 시작…현대모비스DB 개막전 맞대결
21235,이만수 감독과 함께하는 한국·라오스 야구대회 출전팀 모집
21236,린드블럼 7이닝 2실점 두산 한화에 위닝시리즈
21237,택시앱 카카오가 압도…배달은 배민 요기요 경합
21238,신성한 힌두사원에 웬 여성…종교 젠더 갈등으로 끓는 인도
21239,과르디올라 바르사나 뮌헨이었다면 난 잘렸을 것
21240,영국 해리 왕자 끊임없이 사생활 침해받는다
21241,당내 지도자 불과한 시진핑 독재 회귀 힘들어
21242,방송통신위원회 방송대상 시상식
21243,금융위원장 해외금리 연계 DLF 판매 제도개선안 내달 발표
21244,美민주 전대 힐러리 전대효과 톡톡…개최지 지지율 9%p 우위전국지지율도↑
21245,사람이 아무리 많아도 산천어는 잡힌다
21246,에버턴 맨유 미드필더 슈네데를랭 영입 공식발표
21247,해외서도 내 요금제 그대로…SKT T괌·사이판패스 출시
21248,커피·빵과 함께 즐거운 공연을…부산 라라라페스티벌 개막
21249,개포2단지 분양 앞두고 개포지구 재건축 불붙어
21250,北당대회 김정은 개회사 전문
21251,미 민주당 다크호스 오루어크 대선 레이스 합류
21252,세븐스타웍스 씽크브릿지 지분 100% 취득
21253,모바일 상품권 기프티쇼 포인트 블록체인으로 관리한다
21254,대북확성기 방송·한파에 꽁꽁 얼음축제는 북적
21255,팝스타 출신 우간다 정치인 와인 2021년 대선출마 선언
21256,朴대통령 사드배치와 관련한 불필요한 논쟁 멈춰야
21257,나경원 아들 원정출산·이중국적 아니다종합
21258,PC로 전화·문자한다…SK텔레콤 콜싱크 서비스 출시
21259,스마트폰 배터리 최대 45% 절감 기술 KT 전국망에 첫 적용종합
21260,댓글 이어 MB국정원 블랙리스트까지…檢 수사팀 확대 검토종합
21261,미쓰비시머티리얼 중국인 강제노동 사죄금 日정부에 사전보고
21262,휴비츠 3분기 연결 영업이익 21억원…10% 감소
21263,미·중 물밑 협상 기대감…원달러 환율 하락 출발
21264,스페인 좌파 총선 이틀만에 연립정부 구성 전격 합의종합
21265,돌아온 경매 시즌…서울옥션·케이옥션 잇따라 경매종합
21266,서영교 집배원 업무환경·안전 보장 법안 발의
21267,여자배구대표팀 아시아선수권 예선서 이란 싱가포르와 한조
21268,러시아 핵추진 잠수정 화재원인 국산화 배터리 오작동일 수도
21269,커리 44점 NBA 골든스테이트 LA 클리퍼스 제압
21270,광주·전남 4∼6월 강수량 평년대비 44%
21271,출마금지 조슈아웡 홍콩 자유선거 원하면 투표해라
21272,LGU U골프 6월 한달간 SKT·KT 고객에도 오픈
21273,정부 민간 대북전단 표현의 자유와 주민안전 고려해 판단
21274,네이버 AI 키보드 앱 스마트보드 정식 출시
21275,소자 2골 브라질 호주와 친선전서 40 대승
21276,英 존슨 총선 원하지 않아…브렉시트 연기 없을 것종합
21277,삼성 갤럭시S8·S9 출고가 해외 내리는데 국내 요지부동
21278,유영민 과기 기존약정자 25% 약정할인 현실적으로 어렵다
21279,日 통일지방선거 투표 시작
21280,평화의 기적 평창에 깃들다 평창올림픽 소방활동백서 발간
21281,한글 애니부터 한글무늬 문구까지…아이디어 국제공모전
21282,방심위 텀블러 음란물 자율규제 강화 약속
21283,10년 후 한국의 가장 중요한 이슈는…저출산·초고령화
21284,필리핀 경찰청장 유권자 표 매수 제보 너무 많아…답장에 이틀
21285,동정 이효성 방통위원장 영국과 방송통신 협력 논의
21286,軍 흡연율 해병대 48%로 최고…공군은 26%에 그쳐
21287,日아소 저출산 고령화 아이 안 낳는 쪽이 문제
21288,신간 어쨌거나 핑퐁
21289,北 고위급회담 대표단 명단 통보…철도성 부상 포함
21290,중국인 통 큰 씀씀이 호주 관광산업 먹여 살린다
21291,5경기 연속 두 자릿수 득점 허일영 지금이 3라운드라면…
21292,영·불·독 이란 핵합의 지켜져야…대화 나서라
21293,GS칼텍스 강소휘 새끼손가락 부상 경미…정상 출전
21294,방글라 수도권 폰 좀비 10년간 535명 열차사고로 사망
21295,삼성중공업 2분기 영업손실 1천5억원…적자전환
21296,양석환·임찬규 등 억대 진입…LG 2018 연봉협상 완료
21297,냉동트럭서 숨막히자 똑똑…독일서 비극 재현될 뻔
21298,전국구 류현진 7이닝 2실점 비자책…10승 또 불발
21299,KBS 주관 세계공영방송총회 내일 개막
21300,권석창 수차례 선거법 위반 논란…경찰 3∼4건 집중 수사
21301,간절함이 만든 승리 기업은행 선두 GS칼텍스 꺾고 5...
21302,잇단 경찰 흑인사살 논란에 흑인 과격단체 1년새 60% 증가
21303,게시판 화웨이 미디어패드 T3 10 11번가 단독 출시
21304,과학 사회 문제 해결 위해 인문·예술과 손잡다
21305,얼굴인식 보안기술 멸종위기 동물 보존에 쓴다
21306,K리그1 초반 돌풍 경남 작년 대비 관중 증가 1위
21307,중태 빠졌던 케플러 우주망원경 안정상태 회복
21308,LG전자 스켈레톤 황제 윤성빈 선수 등에 격려금 3억원
21309,서울옥션국외문화재재단 문화재 환수 위해 손잡았다
21310,이랜드리테일 전국서 대규모 쇼핑제 개최
21311,양회 끝낸 중국지도부 동남아 우군 포섭 외교전
21312,전설 이승엽 발자취 더듬는 박병호…홈런 따라가고 싶다
21313,제주로 물밀듯 오던 유커 증가세 둔화 원인 무엇
21314,분식회계 증거인멸 삼성전자 임원 2명 영장…윗선수사 속도종합
21315,평양정상회담 SPC그룹 취재진·자원봉사자 등에 간식 제공
21316,아마존에 러브콜 뉴욕시장 이젠 기업권력 남용 맹비난
21317,내일 4·13 총선 재외투표 시작…또 투표율 저조하려나
21318,일간 이슬아의 이슬아 작가 라디오 DJ 된다
21319,문대통령5黨원내대표 민생·규제혁신 법안 조속처리 합의속보
21320,KISDI 포털 시장 경계선 긋기 어렵다…서비스 다변화
21321,시진핑 동유럽 등 3개국 순방…남중국해 홍보전 예고
21322,美실업수당 청구 1만건 감소…49년만의 최저치
21323,탄소자원화 인공광합성 촉매 개발…수돗물에서 안정적 작용
21324,르포 차이잉원 10만 대만 군중 앞에서 오늘의 홍콩 봐라
21325,그래픽 모바일 온리족 53%가 중장년층
21326,보험사들 보험금 지급력비율 1분기말 249.9%로 하락
21327,예술감독 손열음 불러주는 무대만 설 수 없어
21328,대북제재 완화 공론화 문대통령…안보리 5강 佛·英 집중 공략
21329,김영철 콘진원 부원장 환영사
21330,전 세계 모바일 앱 다운로드 2분기 250억건…15% 늘어
21331,교도 日정부 한미정상 독대 짧았다 韓언론 보도에 환영
21332,윤상직 산불 빠진 재난방송시스템 강원도 산불에 먹통
21333,KEIT·석탄공사 부패방지 최우수기관 선정
21334,중미 6개국과 FTA 협상 가속…50억불 시장 잡는다
21335,SK 힐만 감독 후임은 염경엽 현 단장…3시즌 만에 사령탑 복귀
21336,모잠비크에 또 몰아친 사이클론…케네스 사망자 38명으로 늘어
21337,선거구 미획정은 위법 예비후보들 행정소송 제기
21338,아르헨 독재희생자 가족 만난 문대통령 정말 가슴이 아프다종합
21339,한국 사계절 담는다…관광공사 홍보영상 제작
21340,2보 文대통령여야 5당대표 日 부당한 경제보복…즉시 철회
21341,문체부 사드 피해 관광업계에 관광기금 500억 원 지원
21342,수원전 멀티골 전북 로페즈 K리그1 17라운드 MVP
21343,넥슨·넷마블 등 ICT기업에 인터넷은행 대주주 허용 추진
21344,김정은 위원장 남북통일농구 혼합경기 관람할까
21345,학원 승합차버스 등 3대 추돌…4세 어린이 등 2명 부상
21346,산천어축제 창작썰매 경주 진짜 이기고 싶다
21347,콘테를 잡아라…첼시 팀 역대 감독 최고 연봉 쏜다
21348,서민형 안심전환대출 선착순 신청 아냐…12∼15시 피해야
21349,스크린으로 즐기는 英 명품 연극 3편
21350,유영준 NC 감독대행 베렛 지금 안 쓸 수 없는 상황
21351,SKT 5G 상용망 구축 현황 공개
21352,경영난에 임대료도 못내는 부산북항 컨부두…800억원대 체납
21353,금융권 인사태풍 부나…연말연초 CEO 임기 만료 줄이어
21354,거래소 우리이앤엘 불성실공시법인 지정
21355,SK브로드밴드 B tv UHD 가입자 100만 돌파
21356,그래픽 아시안게임 한국 축구 조2위로 16강 진출
21357,하나금투 삼성전기 1분기 실적 부진…목표주가↓
21358,필리핀 두테르테 미국도 남중국해서 중국 제지 겁내
21359,달화성금성 내일 저녁 앞으로 나란히… 휴대폰 촬영 가능
21360,영상 JTBC 기자들 손석희 하차 반대…거센 반발
21361,올해 마지막 고위 당정청회의…내년 경제 낙관 불허하는 상황
21362,꽃 피는 봄 관광 열차 타고 대한민국을 누벼라
21363,KIST 단백질 기능 조절기술 개발…세포 연구에 활용 기대
21364,사회책임투자 착한 투자 아닌 돈 버는 투자종합
21365,김해신공항 타당성 검증 보고서 전달하는 오거돈
21366,인재영입발표 인사말하는 안철수
21367,특검팀 전례없는 靑 내부 압수수색 놓고 법리검토
21368,靑 멕시코 1대1 비즈니스 상담회 8천600만弗 성과
21369,서울시민 남북노동자통일축구 응원행사…판문점선언 이행
21370,한국 최초 달 탐사 사업에 3년간 2천억원 투입
21371,KBO 퓨처스리그 종료…경찰야구단 북부리그 8년 연속 우승
21372,대전·충남 한파주의보 닷새 만에 해제…평년기온 회복
21373,묵념하는 문 대통령과 해외지역 한인사회 지도자들
21374,남북한 현재 공식 연락수단은 핸드마이크
21375,두테르테 캐나다에 쓰레기 회수 안 하면 해변에 퍼부을 것
21376,국회 정무위 국민의당 불참
21377,현대캐피탈 토종 용병 전광인 문성민을 잇는 새로운 리더
21378,日정부 이란이 유조선 공격 못믿어…美에 증거 요구
21379,주간시황 美 금리인상 불안 여파에 흘러내린 코스피
21380,2018 ICT 결산 ③플랫폼 업계 위기 넘으면 또 다른 위기끝
21381,SK텔레콤 SK컴즈 완전자회사로 편입…플랫폼 강화 차원
21382,이낙연 국민행복기금 채권추심기관 변질…근본 재검토
21383,초가공식품 심장병ㆍ조기 사망 위험 높일 수 있어
21384,갤노트9 출격에도 삼성 스마트폰 실적 주춤…숨고르기 전망
21385,올림픽 문 대통령 일곱번 부상 딛고 쇼트트랙 金 임효준 깊은 감동
21386,뇌관 둔채 어정쩡한 봉합…국감장 옮겨 2라운드 충돌 예고
21387,쌍용차 경기 남양주에 정비사업소 개소
21388,북한날씨 대체로 맑음…함경도 동해안은 눈 약간
21389,트럼프 납세회피 논란 NYT 특종문건 제보자는…쓴 기자도 몰라
21390,英 의원 70여명 어산지 스웨덴서 성폭행혐의 수사 받아야
21391,日 수입대체 가능할까…기업 64% 부분가능·19% 완전가능
21392,佛발명가 비행보드로 영국해협 횡단 도전…성공 가능성 30%
21393,아시안게임 코트 위의 작은 통일…여자농구 코리아 감...
21394,애플 주가 이틀 새 6% 급락…가치에 대한 우려
21395,국민의당 당무위 진통
21396,삼성 갤S9·LG V30S 예약판매 개시…전작엔 약간 못미쳐종합
21397,도봉구보다 적은 나라 아이슬란드는 어떻게 월드컵에 진출했나
21398,中스웨덴 스웨덴 출판업자 中 구금 놓고 갈등
21399,카카오 AI 전문 인력 상시 채용…11개 대학서 설명회
21400,STX조선 채권단 지원액 4천억원으로 축소
21401,신태용호 손흥민·구자철·기성용 활약에 월드컵 기대
21402,WNBA 박지수 6리바운드 3도움…라스베이거스는 연승 실패
21403,광주세계수영 5·18민주광장서 전야제…열기 고조
21404,kt SK 4연패 빠뜨리고 4연승…헤인즈 빛바랜 트리플 더블
21405,브라질 호세프 결코 사임 안해…근거없는 탄핵은 쿠데타
21406,한아세안 브루나이 정상 행사에 끼어든 시위대 음악소리…靑 국익 해쳐
21407,영상 비싼 아이폰XS 수리비도 역대급
21408,프로배구 FA 협상 10일째 남자부 계약 발표 0건 이유는
21409,추위야 가라 인간 북극곰 4천500명 해운대 바다 풍덩종합
21410,獨 브렉시트 추가 연기 英·EU 의지에 달려
21411,영국 프로듀서 무라 마사 12월 내한공연
21412,제20회 양성평등 미디어상 시상식
21413,해체 위기 전경련 신입사원 채용 절차 중단
21414,침팬지보다 팩트에 무지한 인간…우린 왜 사실을 외면할까
21415,듀얼 스크린의 게임 패드
21416,CJ제일제당 대리점 계약갱신 요청권 4년→10년 확대
21417,정진석 국민 욕보이는 공직자에 중징계 내려야
21418,여자농구 용인 경기 체육관 정전에 5분 지연…중계 취소
21419,81세 부테플리카 알제리 대통령 대선 출마 선언
21420,고대영 사장 해임 기뻐하는 KBS 새노조
21421,김연아 출연 SKT 평창 응원캠페인 논란…조직위 중단요구
21422,퇴행성 뇌질환 헌팅턴씨병 치료제 실마리 찾았다
21423,시진핑·모디 사원·휴양지서 이틀 밀착회담…무역·테러 논의종합
21424,기밀 보호 러 군인 스마트폰 금지법 통과…언론접촉도 불허
21425,삼성 갤럭시 S8·S8플러스 MWC 상하이서 최고 스마트폰 상
21426,EU 英 승인투표 부결에 유감…4월12일 노 딜 발생할듯
21427,LGU·카카오 모빌리티 U카카오내비 출시
21428,그래픽 지상파 3사의 저작권 시정요구 현황
21429,아시안게임 캡틴 손흥민 금메달은 국민의 것…눈물도...
21430,트럼프 핵심측근 세금기록 유출자 현직 또는 전직 직원일수도
21431,최고 산업기술에 삼성전자 10나노급 D램 기술·현대차 넥쏘
21432,한국 남자배구 세계 3위 폴란드에 03 완패
21433,수원지법 기자단 초청 오픈코트 행사
21434,英 내무장관 IS 신부 입국 허용치 않을 것
21435,주간 화제의 뉴스 박근혜 대통령 탄핵안 가결
21436,EPL 리버풀 유럽챔피언스리그 본선 합류
21437,포시즌스 장기 숙박 패키지 프라이빗 리트릿 론칭
21438,다저스 로버츠 감독 올해는 플래툰 안할 거야
21439,개혁의지 있나 vs 폭거…정개특위 선거제 개혁안 이관 공방
21440,러시아 월드컵 또 하나의 승자는 구글 번역기
21441,심재철 한은 물가상승률 예측 최근 3년새 오차 2.5배 커져
21442,증시신상품 키움증권 연 7.6% 수익추구 ELS 공모
21443,美 소매판매 넉달째 증가…6월 0.4%↑
21444,문 대통령 슈타인마이어 독일 대통령과 내외와 함께
21445,올림픽 북 응원단 점심하러 가요
21446,쌍용건설 싱가포르서 3천500억 지하철 공사 수주
21447,LG전자 G7 씽큐 안드로이드 파이 체험단 모집
21448,안상수 비대위원장 경륜 있어야…진보인사 고려대상 아냐
21449,라라랜드와 함께한 충무로뮤지컬영화제
21450,전력손실 없는 고온 초전도체 원리 풀어
21451,비선실세 최순실 특검 출석…질문에 묵묵부답종합
21452,특징주 네이버 또 52주 신고가 경신
21453,헝가리 총리 터키가 유럽에 난민 보내면 무력 사용
21454,메르켈 2050년까지 탄소중립성 달성 방안 논의 중
21455,벤투호 호주로 출국…호주·우즈베크와 아시안컵 리허설
21456,8홈런 옐리치·타율 0.478 갤로 MLB 이주의 선수
21457,日 올 1분기 실질 GDP 0.5% 성장종합
21458,제2차 반부패정책협의회 주재하는 문 대통령
21459,한국GM 실사 진통…정부 철저히 투명하게 vs GM 기한 단축
21460,與 신공항 후폭풍 차단 진력…내부 단속에 여론전 강화
21461,과속 단속하다 출산 도우미로 변신한 미국 경찰
21462,폼페이오 獨 이란 마한항공 취항금지 결정 환영
21463,집안싸움은 잠시 접고…새누리 모처럼 對野 단일대오
21464,與 北인권 방치 공세에 野 南인권이 위태 반격
21465,이라크 반정부 시위 석달간 490명 사망·56명 실종
21466,수요낭독공감 올해 마지막 행사 5일 개최
21467,길어지는 경기 침체…공장도 에너지 덜 썼다
21468,한국 여자배구 AVC컵서 태국에 완패
21469,해변·물놀이 휴가에 방수 책 들고 가세요
21470,잠 못 드는 밤 대전충남 일부 이틀째 열대야
21471,평양정상회담 역사적 평양 도착 환영받는 문 대통령 내외
21472,음식도 한류…원아시아페스티벌에 스타 셰프 총출동
21473,이집트에서 발견된 3천년 전 목관들
21474,시리아 쿠르드군 IS 가담자 300명 석방…부족 요청 수용
21475,87년 개헌후 대통령 국회연설 19번째…특별연설은 6번째
21476,국제유가 달러화 강세에 하락…WTI 0.3%↓
21477,탄자니아서 유조차 폭발로 최소 57명 사망·65명 부상
21478,프랑스 국가컬렉션 보물로 꼽히는 작품 선보여 기뻐
21479,카카오 모바일 게임 이제 PC에서도…연내 앱플레이어 도입
21480,주말 N 여행 제주권 성인 된 20돌 들불축제…오름 불놓기·불꽃놀이 향연
21481,프로야구전망대 마지막 주 관전포인트 5위 싸움·두산 ...
21482,한국여기자협회 2019년 해외연수자 선정
21483,프로야구 한국시리즈 4차전 우천순연…KS 8번째
21484,북측 황강댐 방류 어떻게 확인하나
21485,남북연락사무소장 2차 회의…평양공동선언 이행 협의
21486,9월 평양공동선언 한반도 핵무기·핵위협 없는 평화터전2보
21487,전북 홍정호 사랑의열매 1억원 기부 아너 소사이어티 가입
21488,MB 법정으로
21489,美민주당 트럼프 국가비상사태 저지 결의안 제출키로종합
21490,아시안게임 대표팀에 승선하지 못했던 KBL유망주들의 위...
21491,러 키프로스 연안 가스시추 터키에 대한 EU 제재 반대
21492,英 정부 10월 14일까지 의회 정회 여왕에 요청…야 반발종합
21493,비에이치아이 100억원 규모 설비 공급계약
21494,곰 사냥꾼 SK 우완 산체스 두산전 7이닝 1실점
21495,NC 유영준 왕웨이중 아직 조심스러워…투구 수 80개 이내
21496,구관이 명관…삼성 0%점유율 벗자며 중국시장에 갤S8 재출격
21497,메르켈 뉴질랜드 테러 희생자 애도…관용사회에 대한 공격
21498,다저스 힐 7이닝 3실점결승타 투타 원맨쇼
21499,홍영표 2차 북미회담 결과 발표되는대로 초당적 논의 시작
21500,자전거타고 북극넘은 난민들 노르웨이서 쫓겨날 위기
21501,챔프전까지 1승 DB 이상범 감독 수비의 투혼이 열쇠
21502,이슬람권 美 이스라엘 편향 규탄…아랍권은 이란에 공세종합
21503,일자리 정책구상 발표하는 김경수 경남도지사
21504,檢 朴대통령재벌 총수 비공개 면담 경위 수사종합
21505,이것이 경상회계장부
21506,영상 한국문학의 산증인 김윤식 교수 별세…애도물결
21507,북·중 접경 中 선양서 임정 수립 100주년 기념식
21508,프랑스 법원 라가르드 IMF 총재 장관 재임시 과실 혐의 유죄
21509,서울∼강릉 KTX 개통…연말연시 황금노선으로 인기몰이
21510,페이스북 SKB·LGU와도 망 사용계약 맺을까
21511,신간 유럽민중사·세계의 이면에 눈뜨는 지식들
21512,여자농구 박혜진 정규리그 MVP 4번째 수상…역대 2위 기록
21513,우원식 국민투표법 오늘 시한…한국당 개헌밥상 뒤엎어
21514,현대캐피탈 KB손해보험 완파하고 파죽의 7연승종합
21515,브렉시트 수렁에 빠진 英정부 조기총선 놓고도 갑론을박
21516,삶의 냉혹함 앞에서…제임스 설터 아메리칸 급행열차
21517,구글코리아 온라인 무료 코딩수업 코딩 야학 프로젝트 실시
21518,꿈의 신소재 그래핀으로 웨어러블기기 전지용 전극개발
21519,30개사 주식 7월 의무보호예수 해제…전년비 240% 증가
21520,손흥민 호날두 이번엔 제대로 붙어주마…2일 UCL 출격
21521,벨기에 법원 브뤼셀테러 주범 아브리니 프랑스 인도 승인
21522,기자회견하는 범SBS 비상대책위원회
21523,KT 더욱 작아지고 간결해진 AI TV 기가지니2 출시
21524,임종석 비서실장 생각 중
21525,뜨거운 힐링 준비되셨나요…대한민국 온천대축제 개막
21526,엔알케이 10억원 규모 일반공모 유상증자
21527,김종민 이웃 계속 위협하면 임차계약 해지…법안 발의
21528,기초과학연구원 방문한 최기영 장관
21529,AT마드리드 토레스 경기 중 충돌해 의식 잃어…병원서 회복 중
21530,유키 구라모토 신보 회상 Ⅱ 발매
21531,포켓몬고 데이터는 얼마나 잡아먹나…시간당 최대 20MB
21532,KT 음성통화에도 배터리 절감 기술 전국망 적용
21533,춘천 시내버스 1년 만에 회생절차 마무리…정상화 궤도
21534,제라드 6살 딸에게 210만원 아이패드 생일선물…팬들은 비난
21535,LG전자 외장스피커 탑재한 톤플러스 스튜디오 출시
21536,신간 사랑하는 개·쌍둥이 할아버지의 노래
21537,국정원 특활비 항소심 선고 출석하는 정호성
21538,나치 블랙리스트에 오른 퇴폐미술가 그들은 누구였을까
21539,국회 입법조사처장·예산정책처장 사직서 수리키로…대행체제종합
21540,기업 치면 맥락 맞춰 정보 노출…네이버 모바일 검색 개편
21541,SKT·LGU 27일부터 재난문자 못 받는 2G폰 무료 교체종합
21542,핑크퐁 IPTV 채널 진출 3주 만에 유료 가입자 1만명 기록
21543,아시안게임 라건아 합류효과 상상 이상…기대되는 다음 경기
21544,安 보수·진보만의 대통령 아닌 국민 모두의 대통령 되겠다
21545,신혼부부 전세임대 지원 대상 결혼 10년 이내로 확대
21546,해외서 동행끼리 데이터 나눠쓰세요 KT 로밍 요금제 출시
21547,데얀 멀티골 수원 ACL 8강 1차전서 전북에 30 완승
21548,하나금투 대상 1분기 호실적…주가 우상향 예상
21549,러北 모스크바서 외무차관 회담…김정은 방러 논의 주목종합
21550,삼성자산운용 물적 분할로 자회사 2개 세운다
21551,총리실 직원 110여명 단체 헌혈
21552,민주콩고 동부 최대 도시서 에볼라 환자…WHO 확산 우려종합
21553,독일서 경매에 나온 히틀러 풍경화 5점 줄줄이 유찰
21554,박주선 북미대화가 빠른 방법 유승민 북핵제거 원칙 지켜야종합
21555,위안부 피해 할머니 목소리 담은 음악극 점순
21556,한국 인터넷 속도 세계 1위…12분기 연속
21557,아베 中왕치산 19분 대화…내일 이낙연 총리 면담
21558,러 중앙은행 기준금리 연 7.75% 유지…지난달 이어 두번째 동결
21559,사진출판 전문 눈빛출판사 30주년 맞아
21560,폼페이오 브렉시트 세계 경제에 위험 요인
21561,KT 중소협력사와 5G RF 중계기 개발
21562,김정훈 혁신도시 이전 기관 임직원 2명 중 1명만 가족동반
21563,대북제재 소식 퍼지면서 北 장마당 물가 급등 RFA종합
21564,주말 N 여행 제주권 꽃은 봄 가을에만 피는 게 아니다
21565,주말 N 여행 강원권 더 가까워진 푸른바다에 풍덩
21566,한화 이글스 단일리그 기준으로 26년 만에 전반기 2위
21567,46일 만의 본회의 마치고 나오는 추미애
21568,중국원양자원 자회사 원양어선 6척 구매 계획
21569,이스라엘 총선 출구조사서 집권 리쿠드당야 중도연합 박빙종합
21570,日 연금펀드에 주식 직접 투자 허용 추진 WSJ
21571,보조기기에 머무는 스마트워치 성장세 급격히 둔화
21572,이청용 부상…홍콩투어 빠지고 영국서 치료
21573,울주세계산악영화제 수상작 관심…총상금 5천만원 최고
21574,LG전자 휴대폰사업 손실 확대…3분기 2천억원대 적자 예상
21575,북송요구 김련희 北예술단에 평양시민 김련희다 외쳐
21576,마리 국립현대미술관장 연임 의사 있다…프로젝트 이어가고파
21577,靑 님행진곡 공세에 불편…협치틀 깰라 직접대응은 자제
21578,이상민·이수빈 미국 잭슨발레콩쿠르서 남녀부문 2위
21579,대투수가 탄생했던 그 경기…김광현 벌써 5번째 KS 4차...
21580,청주 이틀째 열대야…충북 당분간 찜통더위
21581,하루 2홈런 박병호 그동안 도움 못 돼 속상했다종합
21582,일본 달 표면 착륙조사 추진…2019년도에 탐사기 발사
21583,유럽 이란과 합법적 거래 위한 특수목적법인 곧 출범할 것
21584,공항철도 하루 최대 이용객 기록 경신…32만명 돌파
21585,다음 시즌 R.마드리드 사령탑 교체 가능성…뢰브 등 물망
21586,MBC충북 특집 다큐 공부의 씨앗 20일 방영
21587,2018 한국추리문학상 황금펜상에 정가일 소나기
21588,우상호 우병우 운영위 국감 불출석한다면 책임 묻겠다
21589,아이팩토리 상장폐지 이의신청서 제출
21590,KT 신기술로 갤S9 배터리 사용시간 최대 55% 늘려
21591,KT 29일 소프트웨어 개발자 콘퍼런스 개최
21592,한진해운 선원 절반 이상 회사 파산 때까지 남겠다
21593,신간 100년의 헌법·도산 안창호 평전·일터의 품격
21594,이란 대통령 오바마와 15분 통화가 협상열차의 힘찬 기관차종합
21595,버닝썬·정준영·장자연…시사프로들도 연예계 주목
21596,내 축구철학은 승리하는 것…박항서 다큐 14일 베트남...
21597,부산서 16년 만에 남자농구 A매치…29일 월드컵 지역예선
21598,서소문 대법원을 기억하시나요…대법 옛 청사 사진전
21599,KB손보 배구단 유소년배구클럽 2기 수료식
21600,터키 외무 네타냐후 서안 합병 공약에 인종주의자 비판
21601,발리에서도 국내요금 통화 KT 인니에 로밍온 적용
21602,아이폰8 잇단 스웰링 현상…배터리 게이트로 비화할까
21603,美주식도 안전자산 아냐…북미펀드 1주일 수익 2.33%
21604,靑 민주노총과 비공개간담회…문대통령도 만남 가능성 열어둬
21605,리커창 크로아티아 도착…중·동유럽에 일대일로 러브콜
21606,자존심 회복한 김현수·황재균…복귀 벼르는 박병호
21607,교황 한반도 대화 긍정적…화해위한 영속적 해결책 도출되길종합2보
21608,사람과 사회변화 이끄는 독서…동아리 400개·사람책 지원
21609,솔릭 강풍 초속 62ｍ 기록…기상청 들어보지도 못한 수준
21610,프로배구 V리그 올스타전 팬투표 7일 시작
21611,시진핑 파나마 페이퍼스 스캔들에도 건재할 것
21612,경주 39.4도 올해 가장 무덥다…무인관측 경산 하양 40.3도종합
21613,우리은행 LH와 집주인 임대주택자금 대출 출시
21614,美 北 무수단 추정 미사일 오전 7시 발사…실패
21615,지카 감염 임신 쥐 태아 피해 심각…소두증은 빙산의 일각
21616,이대은·이학주 등 복귀파 득세…10일 드래프트는 두번째 기회
21617,특별자산펀드 순자산 60조원 돌파 눈앞에
21618,바이두 위상 흔들…中 터우탸오 5년만에 기업가치 12조원
21619,日 61세 루게릭병 환자 첫 국회 진출…지금부터가 승부종합
21620,과학계 2021년도 수능개편안 이공계 기반 위협할 것종합
21621,그래픽 전국 주택경기실사지수HBSI 전망
21622,복사근 부상 아가메즈 16일 PO 1차전 출격…90...
21623,日 내달 1일부터 소비세 8→10% 올린다
21624,3만원 식사접대받고 자리옮겨 커피 얻어마시면 김영란법 위반
21625,삼성전자 세계1위 전기차 中 BYD에 5천억 지분투자종합2보
21626,서울 아파트 매매값 오름폭 둔화…신도시는 확대
21627,헝가리 대법원 정부가 설문조사로 난민지원단체 명예훼손
21628,기린 목 길어진 이유 찾았다
21629,해커 추적 어려워진다…교란용 가짜 지문까지 등장
21630,바다의 낭만과 평화 찾아 당진으로 오세요
21631,10점 만점 네이마르 기적의 주역…후반 43분부터 2...
21632,류현진 불펜 투구로 컨디션 조율…다음 등판일은 미정
21633,아베 만난 이총리 한일의원연맹 의원들에 방일 결과 설명
21634,현장 한국이냐 독일이냐…북극곰이 예측한 승자는
21635,작곡가 진은숙 독일 함부르크시 선정 바흐 음악상
21636,야간에 더 북적이는 경포 해수욕장
21637,3보 文대통령 北목선 포착 못하고 국민께 못알린점 철저 점검하라
21638,조국 사퇴에 靑 당혹감…참모회의 급히 미루고 긴급 후속논의
21639,헝가리 총리 언론·사법 장악 이어 문화도 통제 시도
21640,마이크로소프트 전 세계 직원 수천 명 해고할 듯
21641,佛전문가 북핵 해결 위해 대화·北 노동자 고용금지 제재 병행
21642,프로축구연맹 경찰 축구단 모집 중단 결정에 공식 항의키로
21643,랜섬웨어 국내 피해 신고 4건 추가…총 18건종합
21644,北 박봉주 총리 홍수피해 복구현장 시찰
21645,비가 와도 축구 관람 포기못해
21646,아프거나 월급 못 받으면 저축은행 대출 상환유예
21647,특징주 아프리카TV 규제 우려에 하락
21648,현송월 환한 표정으로 하차
21649,카카오게임즈 여가부 주관 가족친화인증 기업 선정
21650,올해 RD 성과에 인공신경·UHD 모바일 방송 기술 등 선정
21651,김세진 감독 전역한 세터 곽명우 바로 투입 가능
21652,KT VR 테마파크 사업 진출…3월초 신촌에 1호점 오픈
21653,멕시코서 방사성 물질 실은 트럭 자취 감춰…5개주 경계령
21654,결의안 채택현장을 찾은 국회 한미동맹 강화사절단과 재미교포들
21655,황총리 여성 안전보장 위해 강력한 대책 마련해야
21656,캐세이패시픽 마일리지 선물 제공 이벤트
21657,朴대통령 교역확대 기대…몽골 대통령 朴대통령의 선물
21658,SKT 5G 가입자 100만명 첫 돌파…5G서비스 개시 140여일만
21659,박근혜 정부 3년 ①북핵 돌파구·개혁완수 후반기 성패 좌우
21660,글로벌 히트 韓 게임 배틀그라운드 내달 14일 국내 출시
21661,알뜰폰에 SKT 저가 신규요금제 도매로 제공
21662,총 홈런 6천776개·한 경기 13홈런…2019 MLB 홈...
21663,아베두테르테 日서 회담…남중국해 법의 지배 중요성 확인
21664,김정남 살해 혐의 베트남 여성 출소…오늘 저녁 귀국 전망2보
21665,홍천 내면 영하 24.4도…춥다 추워 강추위 기승
21666,中 8년 만에 샹그릴라 안보회의에 국방장관 파견한다
21667,신간 식민지 근대감옥 서대문형무소
21668,쌍용차 티볼리 앞세워 8년만에 필리핀 재진출
21669,北미사일 발사 개성공단에 우리국민 184명 체류
21670,서울시 신혼부부 주거 지원 사업 계획 발표
21671,모리뉴 네이마르 이적료 2천950억원 비싸지 않다
21672,인스타그램 유해 게시물 자주 올리면 계정 삭제한다
21673,해변을 뜨겁게 달군다…축제 넘치는 강릉 경포해수욕장
21674,영상 청와대 김정은 답방 별다른 징후도 없어
21675,이해찬 필리버스터 쿠데타…철회않으면 野와 예산·법안처리
21676,룸메이트 살인 혐의 벗은 美여성 8년만에 伊찾아 결백 호소
21677,게시판 OBS경인TV 방송본부장·보도국장 공모
21678,싱가포르 北대사관 출입 KBS 취재진 자진 귀국한다
21679,LA갤럭시 회장 즐라탄 유럽 머물고 싶겠지만 우리도 관심
21680,이총리 즉위식 계기 아베와 대화할듯…한일관계 돌파구 주목
21681,오승환 도널드슨에게 역전 3점포 허용하고 시즌 첫 패전
21682,1세기 지나도 변함없는 인형의집…파트3 나오지 않을까요
21683,檢 광고회사 지분 강탈 관련 권오준 포스코 회장 내일 소환
21684,콜롬비아 정부반군 평화협상 종료시한 넘겨…계속 협상
21685,에르도안 시리아 안전지대 터키가 통제해야…서방 계획에 반기
21686,반기문 朴대통령 위안부 올바른 용단…역사가 높게 평가종합
21687,게시판 미래부 연구개발서비스 지역설명회 개최
21688,59년만에 명동예술극장 다시 찾은 연극 가족
21689,한국MS 서피스 랩탑2 공개
21690,유엔 시리아 공습으로 10일간 민간인 100명 이상 사망
21691,이개호 장관 천원의 아침밥 캠페인 참여
21692,울산시 태풍·호우 등 재난 대응 계획 표준화
21693,北 김정은 주체조선의 실용위성 더 많이 쏘아올려야
21694,산천어 낚시에 빠지다
21695,책 읽어드립니다 설민석 가르치지 않고 배우겠다
21696,우리금융 하이자산운용 인수전 참여…첫 MA 성과 내나
21697,국민연금 AJ렌터카 지분 10.09% 보유
21698,북한 김영남·김여정 KTX 편으로 평창으로 출발
21699,코스피 외국인 팔자에 다시 2440대로 후퇴
21700,1조1천억 가치 모드 미디어 돌연 영업중단
21701,北 위협 대응해 美 전략무기 한반도 순환배치 필요
21702,세금 체납자의 은닉 재산 찾기
21703,구글 창사 20년 만에 연간 매출 1천억 弗 돌파
21704,올림픽 자원봉사자 격려하는 도종환 장관
21705,남북정상회담 국군의장대 사열하는 남북정상
21706,반기문 유엔총장 관저에 리커창 부부 초대 만찬…2년전 약속지켜
21707,재개발·지역조합 규제 고삐 죈다…재개발 임대비율 상향
21708,공유오피스 인기비결은 편의시설·낮은 가격·대중교통
21709,이마트 국산 종자 양파·참타리버섯 보급
21710,러시아 월드컵 마지막 티켓 전쟁…남은 9장 주인 가린다
21711,터키 쿠르드 민병대 시리아 북부 학교 공격…3명 사망
21712,한·일 일본군 위안부 합의 무효…대구행동 발족
21713,外人 국고채 보유 늘수록 금융위기 발생시 가속화 가능성
21714,다저스 마에다 두 번째 등판에서 홈런 맞고 2이닝 3실점
21715,여자농구 우리은행 vs KB 9일 시즌 세 번째 맞대결
21716,남북 김영철 등 北고위급대표단 구체일정 협의 계속
21717,투표일 전국 흐리고 비…오후부터 그치기 시작
21718,중국선 AI가 미아 찾고 범인 잡고 음식 맛 식별까지
21719,총기규제 칼 빼든 오바마 美최대 총기로비단체 맹비난
21720,설 최고관광지는 전주한옥마을…빅데이터 분석 2년 연속 1위
21721,유난히 추웠던 올겨울 해빙기 안전사고 우려 커졌다
21722,내년 인터넷업계 규제 도입 격랑 속 AI시대 본격화 주목
21723,경총 반도체 근로자 산재 인정 간소화 제도 취지에 어긋나
21724,트럼프가 축복한 종전논의 비핵화와 함께 남북 핵심의제될 듯종합
21725,37안타·30점 쏟아진 런던…양키스 보스턴에 난타전 끝 승리
21726,나경원 오늘 오전 볼턴 美국가안보보좌관과 비공개 회동
21727,베트남 호찌민서도 보이콧 재팬
21728,킴브럴 FA 미아 탈출…컵스와 3년 4천300만달러 계약
21729,엔리케 감독 메시는 최고…심지어 밥먹을때도 남달라
21730,김무성 탄핵 깃발로 비대위 수습안 급제동…與 임박한 파국
21731,쓸 곳이 없다…해 거듭할수록 혜택 줄어드는 통신사 멤버십
21732,이탈리아 산악지대 눈사태 피해 잇따라…5명 사망·실종
21733,IBK증권 삼성전자 2분기 영업익 7조8천억 예상…목표가↑
21734,사우디 국무장관 카슈끄지 사체 행방 모른다…조사 중
21735,한국뇌연구원 우울증 유발 메커니즘 규명…자살예방 전기 마련
21736,BNK자산운용 국내 액티브 주식형 펀드 수익률 1위
21737,기아차 광주공장 올해 생산량 49만9천여대…작년보다 6%↓
21738,DMZ 세계평화명상대전 기자회견
21739,여자농구 대표팀 월드컵 출전 위해 출국…프랑스 나와라
21740,휴비츠 2분기 영업이익 34억원…16% 증가
21741,먼지 쌓여있던 마광수 저작 별세 이후 재고 동나
21742,나경원 관훈클럽 창립 기념식 참석
21743,충주 무술공원에 9만7천㎡ 규모 공룡 테마파크 조성
21744,수비수 동선까지 알려준다…옥수수 야구 AI데이터 분석 방송
21745,KT부스 찾은 스페인 국왕
21746,배구여제 김연경 월드컵 통해 대표팀 희망 봤다
21747,MLB닷컴 강정호 예전 기량 되찾으면 4번도 가능
21748,세계 최강 구단 겨루는 클럽월드컵 7일 개막…레알 2연패 도전
21749,프로야구 롯데 양상문 감독 26일 사직구장서 취임식
21750,아이폰X 17일부터 예판…150만원대 가격이 흥행 관건
21751,펠리페 트리플크라운으로 복귀 신고…우리카드 창단 첫 6연승
21752,K리그 최다우승팀 성남 암흑기 거쳐 1부 재입성하기까지종합
21753,카카오뱅크 개인사업자 사잇돌대출 출시…앱에서 바로 신청
21754,유로존 1월 잠정 인플레이션 1.4%…ECB 목표치 크게 밑돌아
21755,누리꾼 51% 사이버 보안 피해 경험했다
21756,KT 남북한 ICT 교류협력 심포지엄 개최
21757,방한 시스코 CEO 권오현 삼성전자 부회장과 회동
21758,세월호 3주기 밤부터 제주·전남남해안에 비…오존 나쁨
21759,전두환 5공 측근들과 회동…희생자에 유감 표명
21760,이란군 美 호르무즈 공동전선에 페르시아만 지옥될 것
21761,손주인 시즌 첫 1군 엔트리…2천26일 만에 삼성 유니폼
21762,해경 4차 산업혁명 드론의 활용 직장교육
21763,민심 심상찮다…中 공산당 SNS 잡으려 당근·채찍 병행
21764,올림픽 평창 계촌5리 작은 마을서 지구촌 화합 파티
21765,잡지 123점으로 조명하는 한국 근현대사
21766,김승대 벤투호 울산 소집훈련서 제외…김인성 합류
21767,인니 자카르타 지하철·경전철 잇단 개통…교통지옥 탈출할까
21768,패션은 다문화의 공감대이자 사회 통합의 촉매
21769,Sh수협은행 2천만달러 규모 외화 CD 발행
21770,청년·신혼부부 매입·전세임대 7천904호 입주자 모집
21771,美 터키 경제 끝장…제재 단행 트럼프 행정명령 서명 준비종합
21772,관까지 짜놨는데… 에콰도르 지진 40시간 만에 극적 생환
21773,SK 문경은 감독 메이스 일대일로 막기 어려울 것
21774,남부아프리카 말라위 대선 실시…무타리카 대통령 포함 3파전
21775,문무일 곤혹스런 출근길
21776,급증하는 소방수요 충족…김해서부소방서 준공식 개최
21777,청약시장서 100% 중소형아파트 인기 고공행진
21778,김종인 산은 청문회 불가피…모든 사항 밝혀야
21779,특검 최순실 뇌물죄 수사 공식화…朴대통령 정조준종합
21780,MLB 양키스 거포 엥카르나시온 영입…트리플 대포 구축
21781,배달의민족 DB손해보험과 배달원 보험 출시
21782,펜으로 사진찍고 PPT도 넘겨…워라폰 노리는 갤노트9 써보니
21783,올겨울 최강 한파…바람불어 체감온도 더 낮아
21784,워런 트럼프 저격수로 급부상…막말에 돌직구로 맞서
21785,우리은행 OK저축은행 꺾고 3연승…김정은·박혜진 35점 합작
21786,선택 4.13 김종인 국민 현명한 판단 기다릴 뿐
21787,KIA 두산 6연승 저지…양현종 5년 연속 10승
21788,바이오빌 100억원 제3자배정 유상증자 결정
21789,10기가 인터넷 시대 개막…KT 이어 SKB도 11월 상용화
21790,아시안게임 프리킥 실점…한국 축구 베트남에 31...
21791,미세먼지에 놀란 중국 저감 목표 못 채운 도시 제재키로
21792,대출상품 한번에 비교·가입…혁신금융 플랫폼 속속 가동
21793,삼성 이메일 앱·인터넷 브라우저 다운로드 1억회 돌파
21794,15일 광주 넥센KIA 시범경기 오후 5시 개시
21795,이달의 기자상에 SBS 라돈 검출 침대 보도
21796,트럼프 대면 앞둔 시진핑 대미 보복카드 총동원종합
21797,손흥민 케인 복귀전서 멀티골…주전자리 이상무
21798,EU 고위관리 영국에 절절한 연서…돌아오면 언제나 환영
21799,유영민 과기정통부 장관 소프트웨어수업 체험
21800,NH투자증권 홍콩 현지법인에 1천404억원 출자종합
21801,정경두 촛불계엄령 문건 원본 오늘 인지…처리방안 검토
21802,태블릿PC 조작설 변희재 1심 징역 2년
21803,추신수 화이트삭스전 1안타 2볼넷 활약
21804,美·터키 정상 또 통화…에르도안 시리아 북부 인수 준비완료종합
21805,당선인 인터뷰 박범계 국가균형발전 가치 실현할 것
21806,신작 PC게임 매달 업데이트…게임포털 엔투게임 출범
21807,안산시 내달 3∼7일 거리예술 국제심포지엄
21808,관광공사 지정 굿스테이 숙박업소가 성매매 장소 제공
21809,요르단강 서안서 폭탄 터져 이스라엘인 17세 소녀 사망
21810,개헌에 대한 국민 생각은…온라인 의견 개진 활발
21811,다음 모바일 첫 화면에 뉴스 대신 AI추천 콘텐츠 띄운다
21812,간담회장으로 입장하는 윤석헌 금융감독원장
21813,로이터 김경훈 사진기자 퓰리처상 수상
21814,박용택 투런포 LG 삼성 제압…임찬규 8승째
21815,SNS돋보기 뇌에 컴퓨터칩 삽입 추진…섬뜩하다 vs 기대된다
21816,저비용항공사들 부산∼괌 노선 쟁탈전 점입가경
21817,북핵 협상국면 대비해 한국판 평화체제론 수립 필요
21818,지문 사전등록 하는 어린이
21819,정의당 참된 정치 교두보는 호남
21820,이란과 해운협정 맺는다…가서명 후 18년만에 정식체결
21821,이란 호르무즈 부근서 美드론 격추…양국 군사력 직접 충돌종합2보
21822,朴대통령 몽골 공식방문 마치고 귀국길 올라
21823,30대 이하 젊은 과학자에게 생애 첫 연구비 3천만원
21824,엘리트 문단 넘어 광범위 한국문학 해외 소개할 것
21825,이재명 조폭유착 의혹 제기 SBS 그알 고발종합
21826,고효율 태양전지·연료전지…미래부 새 기후과제 선정
21827,인사말 하는 김현미 장관
21828,남북정상회담 정의당 한반도평화 1일차…비핵화가 열쇠
21829,박근혜 정부 3년 ③ 4·13 총선 후반기 국정 갈림길
21830,SKT 봄맞이 행사 트래픽 증가 예상…기지국 증설
21831,이란 농축우라늄 생산량 10배로 증가…고성능 원심분리기 추가
21832,트럼프 反이민공약 발표일 최고액 모금…힐러리 8월 모금액 최고종합
21833,美 수사기관 인종편견 심각…조직문화부터 고쳐야
21834,통일차관러시아대사 면담…나진하산 프로젝트 논의
21835,국립한국문학관 설립추진위원회 출범식
21836,월드컵 전력분석 H조 폴란드·콜롬비아·세네갈·일본
21837,윤동주 길 잃은 세계인에게 삶의 방향
21838,美연구소 北 기아위험 세계 21위
21839,外人 주식 매도에 원달러 환율 하락폭 축소…1086원대
21840,갤노트8 첫날 20만대 개통…떴다방식 불법 보조금 등장
21841,소백산 야생화 정보 모았다…식물도감 제작
21842,이재웅 다음 창업자 네이버 총수 없는 기업 지정해야
21843,SKT 01X 번호 2G서비스 올해말 종료…서비스전환 지원
21844,코스피 기관 매수에 1920선 회복…코스닥 약 1% 상승종합2보
21845,위클리 스마트 메신저 대화 잘 못 새나가면 부메랑 된다
21846,女배구 라바리니 감독 세터 호흡 문제 정상적인 과정
21847,KEB하나은행 소비자중심 경영 인증 획득
21848,추경열차 출발부터 덜컹…3인방 청문정국에 궤도 불안정
21849,게시판 LGU 인천공항 로밍서비스 7회 연속 만족도 1위
21850,제주소식 TBN 제주 개국 2주년 14시간 특별생방송
21851,文 촛불집회 동원 의경들 위로…평화가 폭력보다 강해
21852,北통신 南당국 외세의존 정책과 하루빨리 결별해야
21853,과학기술혁신본부 제기능하려면 예산배분 실명제 도입해야
21854,프로농구 인삼공사 김승기 감독 오세근 발목 아직도 부어있어
21855,류현진의 베팅은 성공했다…美 매체들 극찬 릴레이
21856,내일 아침기온 평년수준 회복…모레 전국에 빗방울
21857,500골 메시 역시 해결사…4골 중 1골 후반 30분 ...
21858,양상문 롯데 감독 양의지 영입 의사 없어…내부 육성
21859,게시판 투교협 2020년 중국 전망 수요강좌
21860,靑 네이버 수사촉구 청원에 수사기관이 진실 밝혀야
21861,문대통령 국정지지도 53.1%…6주째 하락·취임후 최저리얼미터
21862,네이버카카오 AI스피커 브라운 vs 라이언 맞대결
21863,홍콩 떠나자…홍콩 부자들 英 황금 비자 취득 붐
21864,터키 국방 F35 못 사면 대안 모색할 수밖에 없어
21865,평양정상회담 평양의 열렬한 환영
21866,인터넷 명예훼손 3자신고 허용뒤 성행위영상 시정조치 2배로↑
21867,야유 속에서도 21점 이정현 김낙현 큰 부상 아니길
21868,류현진 양키스전 홈런 3방에 4⅓이닝 7실점…ERA 2....
21869,사회문제 논하는 카카오…문제정의 플랫폼 백업 설립
21870,애플 한판 붙자…삼성·LG 파격 AS로 미국 시장 승부수
21871,安 4월 임시국회서 청년실업대책 최우선 합의해야
21872,올림픽 문 대통령 IOC총회 개회식 참석
21873,김진표 이해찬 대세론 끝난 얘기…내주 1강 도약
21874,요금할인 확대에 담합 의혹까지…이동통신업계 사면초가
21875,SK텔레콤 2주 80시간 자율적 선택근무제 도입
21876,박영수 특검 좌고우면 않고 법과 원칙 따라 수사종합
21877,영상으로 만나는 내년 서울미디어시티비엔날레
21878,펠리페 트리플크라운…우리카드 OK저축은행에 혈전 끝 승리...
21879,신태용 경기 내용 나쁘지 않았으나 기회 못 살려종합
21880,세계 스마트폰 보급률 첫 50％ 돌파…한국은 85％
21881,멜론 올해 스트리밍 424억회·보유 음원 3천만곡 돌파
21882,멈춰선 전력소비 증가율…경제구조·인구구조 변화 탓
21883,국외출장 日방위상 매년 함께 참배해온 모임이 야스쿠니 참배
21884,이스라엘 네타냐후 피신사건 후 가자지구 하마스 공습
21885,한국 풍수에선 마음 편하고 자연과 통하는 곳이 명당
21886,하노이 담판 中매체 북미회담 지지 中진심 의심 말라…음모 안 꾸며
21887,특징주 신세계인터내셔날 신세계 화장품 사업 통합에 강세
21888,NH투자 카카오 O2O사업 성공 기대감
21889,北 ICBM용 원형 핵탄두 모형 추정 사진 공개종합
21890,넥센 박병호가 알루미늄 배트로 훈련하는 이유는
21891,대만과 단교 엘살바도르 정부 방침에 대법원이 제동
21892,포체티노 감독 손흥민은 훌륭한 선수이자 사랑스러운 청년
21893,현대캐피탈 대체 외국인선수 찾았다…오켈로 영입 사실상 확정
21894,무더위 몰아낸 삼성의 씽씽투…대반격의 신호탄
21895,연세대 대학농구 결승 1차전 고려대에 9점 차 승리
21896,트럼프롬니 내일 회동…롬니 국무장관 카드 접나
21897,유로존 5월 인플레 1.2%…작년 4월 이후 최저 수준
21898,中 대만정책은 선거결과에 무관…대륙·대만은 하나의 중국종합
21899,한국테크놀로지 석탄건조시스템 일본 특허 취득
21900,키움증권 야구단 히어로즈와 스폰서십 계약 추진
21901,MLB 다저스 42년 만에 75경기서 50승 선착
21902,신간 중화미각·먹고 마시고 요리하라
21903,특징주 로엔 카카오 피인수 소식에 급등
21904,北당대회 北핵·미사일 전문가 실용위성 더 많이 쏴올릴 것
21905,이스라엘 새 총리 후보에 중도파 간츠…군인 출신 정치신예종합
21906,美대선판에 연일 한반도 이슈…힐러리트럼프 상대공격 소재로
21907,트럼프 이란에 대화 요구하면서 공격임박 경고로이터
21908,北김정은 청와대 타격방법 확인 목적 전투훈련 참관종합
21909,SNS돋보기 대체복무제·사형제 UN 권고 불수용…사회적 합의 필요
21910,삼성 갤노트10 국내 사전판매량 130만대…전작 대비 2배↑종합
21911,글로벌 웨어러블 시장 성장세 지속…2분기 5.5% 증가
21912,그래픽 MLB 최저 평균자책점 역대 5위
21913,KBO 혐의 드러나면 성폭행 의혹 선수 활동 정지 조치
21914,한진해운 직원들 온라인청원…국민지지·정부지원 절실
21915,애견 카페서 강아지 사체 3구 발견…경찰 학대 여부 수사
21916,날씨 늦은 오후 수도권부터 비…밤에 전국으로 확대15일
21917,춤으로 시작해 총성으로 끝나… 올랜도 희생자의 마지막 영상
21918,역대 2차드래프트 최고 수혜는 롯데…최대 피해는 두산
21919,美·이란 전쟁터될라…이라크 총리 외부 침략 엄단
21920,아이폰7 첫날 번호이동 3만7천건…시장 과열 수준
21921,佛 외무 이란에 핵합의 위반 심각한 실수하는 것
21922,SP 우리銀 지주사 과도한 확장시 자본 적정성 부담될 수도
21923,20182019시즌 KBL 팬 가이드북 출시
21924,재외 동포 유공자 포상하는 문 대통령
21925,아가메즈 복사근 치료 위해 일본행…6라운드는 아가메즈 없이
21926,인터불스 디에스씨밸류하이1호 주식 70억원어치 매각
21927,中 틱톡 美규제당국 겨냥 로비조직 강화…전문인력 확충 나서
21928,건축가 엄마아빠가 상상한 아이들 뛰어놀기 좋은 동네는
21929,트럼프 국정연설 지정 생존자는 페리 에너지장관
21930,아베 한일관계 최대 문제는 국가 간 약속 준수 여부 주장
21931,페북 대란 제재 유튜브 공짜망 사용에 여파 미칠까
21932,놀란 라이언과 비교된 류현진…스트라이크 던지는 로봇
21933,두산그룹주 신용등급 하락에 동반 울상종합
21934,게시판 방통위 2018 세계우수광고 상영회
21935,터키 러시아제 S400 미사일 구매 강행두고 美터키 공방 가열
21936,암모니아 가스 누출 공장
21937,삼성전자 갤럭시S8 공개
21938,서울연극제 대상에 일상의 광기에 대한 이야기
21939,증시신상품 KB증권 연 7.5% 수익 추구 ELS 공모
21940,상반기 휴면예금 726억원 찾아가…온라인 조회 활용하세요
21941,변혁 창당 공식화…고장난 오른날개 우리가 150석 만들겠다종합
21942,한투증권 코스피 바닥은 2040…PBR 0.9배
21943,사드보복 무차별 15일 이후 명동서 중국 단체관광객 사라질수도
21944,환영인사하는 민갑룡 경찰청장
21945,하나금투 현대중공업 수주 전망 개선…매수 유지
21946,중저가 통신요금도 휴대전화 보조금 더 받을 수 있다
21947,트럼프 당선 오바마 클린턴에 대한 트럼프의 사법보복 반대
21948,프로농구 샐러리캡 4년 만에 인상…1억 오른 24억원
21949,파주서 북한 대남 선전용 전단 대량 발견
21950,文대통령 안동 하회마을 방문…취임후 첫 TK 行
21951,포스코·현대제철 11일 주총…사내이사 선임
21952,강원 북부산지 6일 새벽 대설 예비특보…3∼10㎝ 눈
21953,朴대통령 北발사 1시간만에 NSC…靑 액션플랜 대응
21954,은행연과 은행장 18명 고객 중심 경영 실천 자율결의
21955,윤호중 경제 양대수장 외국서 다른 시각 원정썰전 개탄
21956,과학기술이 열 미래 모습은…과총 내달 4일 연차대회 개최
21957,유엔 이스라엘 골란고원 세력 확장 중단 촉구
21958,김우재 IBK기업은행 감독 김희진 종아리 통증…무리하지 않게
21959,질문에 답하는 심상정 정개특위 위원장
21960,연합뉴스 사장 후보 공개 설명회
21961,39광년 떨어진 곳에서 지구 크기 삼형제 발견
21962,속보 아베 트럼프와 한일관계 논의 안했다
21963,김연철 북미 스냅백 논의 매우 주목…새로운 안 만들수도종합2보
21964,손흥민 브라이턴전서 4경기 연속골 폭발
21965,동장군 맹위…충북 제천 영하 16.5도
21966,트럼프 노벨상추천 공개로 모양빠진 아베…부끄럽다 비판론
21967,다시 라이트로 김희진 올림픽 본선 진출과 메달만 보고...
21968,지시 따랐더라면 큰일날뻔 트럼프 구해낸 참모들
21969,北 조평통도 남북군사회담 촉구…포괄협의 가능
21970,靑 진정한 경제민주화는 일자리…野발목잡기로 위협
21971,포체티노 토트넘 감독 새 선수 영입 가능성 크지 않다
21972,유리천장 깬 박미희 감독 그냥 엄마 말고 강한 엄마 ...
21973,예술과 정치 사이에 선 쇼스타코비치의 불안
21974,단독英정부 보고서에 北 인권범죄 자행 적시…北 인권 압박
21975,금융업 월임금 148만원 오를 때 숙박·음식은 38만원↑
21976,트럼프 내일 국빈 방일…미·일 겉은 밀월 속은 무역 긴장
21977,동남아 시장 교두보 마련…한전KDN 베트남지사 개소
21978,中 해외직구 규제 일부 유예…화장품 수출 숨통
21979,朴대통령 에어포스원 탄 오바마와 15분간 북핵대응 긴급통화
21980,北 20년간 GDP 대비 자연재해 피해 7.4%…세계 3번째
21981,국민연금 대한항공 지분 11.65% 보유
21982,KBS 신임 사장 후보에 양승동 PD
21983,지카바이러스 인체 세포 침투 구조 첫 규명
21984,터키 쿠르드 민병대가 IS 포로 800명 석방해
21985,서머 호러 나이트 투어로 더위를 날려 버리세요
21986,모란이 피기까지는 영랑의 감성 콘서트 16일 개막
21987,SK텔레콤 한국능률협회 고객만족도 21년 연속 1위
21988,유럽 31일부터 서머타임 실시…한국과 7시간 차로 조정
21989,SK케미칼 500만명분 세포배양 독감백신 생산 완료
21990,참여연대 태영 회장 검찰고발…개인회사로 SBS일감 싹쓸이
21991,KAIST 사회적기업가 MBA 4회 졸업식…졸업생 17명 배출
21992,카드 신상품 적자나면 이사회에 보고…내부통제 기준 강화종합
21993,집시여성 강간할 것…도넘은 반집시 정서에 이탈리아 비상
21994,KBS 독도 추락헬기 영상 미제공 논란에 깊이 사과종합
21995,日 아베정권 관료 망언으로 줄줄이 사임…선거 앞두고 위기론
21996,미일 외교장관 통화…日 중동 해역에 자위대 독자파견 통보
21997,베네수엘라 국제 중재모임 대선 재실시·외국개입 자제 촉구
21998,연구기관 평가에서 수리연 첫 최하등급…DGIST 미흡
21999,국제인권단체 간부 이스라엘에서 추방돼…이스라엘 보이콧 이유
22000,LGU 직영점에서도 알뜰폰 명의 변경·요금 수납 가능
22001,슬로모션 카메라폰…소니 엑스페리아XZ 프리미엄 공개
22002,남자배구 굳어진 3강 구도…선두 싸움은 대혼전
22003,美 여야지지 속 F16 대만 판매 결정…中 강력 반발 예상종합
22004,佛 노동법 개정 반대 시위 8일째…원전 노조 파업 동참
22005,평양정상회담 문 대통령 평양 시민들에 인사
22006,SKT 외국인 전용 요금제 출시…추가 데이터·국제전화 무료
22007,갤럭시S8 배터리 추정 사진 유출
22008,과총 역삼동에 사이언스 플라자 건립…2021년 개관
22009,朴대통령·오바마 정상회담 후 공동 언론발표 예정
22010,서울 100대 명소 다시 선정해 여행 기본서 만든다
22011,구글 따라잡는다더니…손발 안 맞는 통합 앱스토어
22012,펠리페6세 스페인 국왕 KT부스 방문
22013,홍용표 개성공단 현금 대량살상무기 사용된 관련자료 있다종합
22014,멕시코서 대기오염 질환으로 연간 2만 명 숨져
22015,담담한 표정으로 취임식 참석하는 윤석열
22016,반정부 군벌에 미사일 넘겼나…리비아 프랑스에 해명 요구
22017,김진욱 감독 자신감 타격 사이클 돌아가며 가라앉을 것
22018,교보문고 학술논문서비스 학술정보원 라이선스 선정
22019,역사상 가장 지루한 오페라…사색과 상징의 압도적 무대
22020,82년생 김강민 올가을 개띠 황금세대 중 가장 빛난다
22021,태블릿 인기 시들한데…삼성·애플·MS 신제품 잇단 출시
22022,北 주민이 느끼는 대북제재 영향 아직 미미 RFA
22023,이집트 의회 엘시시 대통령 장기집권 헌법안 승인
22024,中증시 등락에 한국 금융시장 널뛰기
22025,카카오톡 10분간 메시지 송·수신 지연 현상
22026,만65세 이상 기초연금수급자 통신비 월 1만1천원 인하종합
22027,방중 재검토 靑요구 일축했지만…곤혹스런 더민주
22028,지상파 순수외주제작 프로 편성비율 상향 조정
22029,웹사이트 접속 ID·비번 노리는 악성코드 국내 유포
22030,이란 대통령 美 제재로 이란 통제하겠다는 건 착각
22031,러 베네수엘라 사태 개입 서방 비난…불법적 내정 간섭종합
22032,LG전자 G6 특화 콘텐츠 확대
22033,코스피 하락세로
22034,누가 웃을까 전북 10개 선거구·615곳서 일제히 투표
22035,바르셀로나 시즌 첫 엘클라시코 레알 마드리드에 32...
22036,문화융성 표방한 미르 문화계 길들이기 수단이었나
22037,폼페이오 베를린서 화웨이 장비사용시 정보전달 제한 경고
22038,삼성전자 MS 협력 제품 갤럭시 북 S 공개
22039,창의 승리 레알 유벤투스 41 꺾고 유럽정상…호날두 2골
22040,태영호 北외교관들 컴퓨터 켜면 연합뉴스부터 열어봐종합
22041,정현백 데이트폭력 1회 범행이라도 기소 가능 방안 마련
22042,朴대통령 헌재 답변서 혐의 전면 부인…특검 수사 향배는
22043,신간 밥보다 일기·소로의 나무 일기
22044,네이버페이 오프라인 결제시장 진출 장기적 검토종합
22045,北TV 남북정상회담 기록영화 방영…주민에 다시 적극 선전
22046,미국이 이민자를 받지 않았다면…지금 세상에 없을 책들
22047,소니 엑스페리아XZ 딥핑크 색상 출시…사은품도 증정
22048,휴대전화 이용자 10명 중 9명 5G 잘 모른다
22049,팬택 IoT 사업도 매각 추진…정준 대표 아직 결정 안 돼
22050,라인프렌즈 美 뉴욕 타임스스퀘어에 상설매장 세워
22051,이란 최고지도자 바라는 결과 얻을 때까지 핵합의 이행 축소
22052,다시 찾아온 더위…경기 19개 시·군 내일 폭염주의보
22053,한국은행·스위스중앙은행 통화스와프 계약 서명식
22054,물놀이장도 한때 문 닫게한 폭염…36도 넘자 안전 우려
22055,용산고·숭의여고 연맹회장기 중고농구대회 우승
22056,세아베스틸 작년 연결 영업이익 2천223억원…27%↑
22057,방송 제작현장 둘러보는 도종환 장관
22058,날씨 2일 최고기온 35도 무더위 기승…서쪽지방 오후 소나기
22059,여야 3당 원내대표 개헌·선거구제 개편 기싸움
22060,초호화 람보르기니폰 출시 임박
22061,갓은 푹 눌러 쓰지 말고 살짝 얹어야 조선의 멋쟁이
22062,與 23일 원포인트 본회의 추진…한국당 날치기 사과부터
22063,핀란드 총선 사민당 16년 만에 제1당…집권 중도당 참패종합3보
22064,주택담보대출보다 싼 2%대 청년층 전월세 대출 나온다
22065,MP3에 공식 사망선고…특허 만료·기술계약 종료
22066,대림산업 e편한세상 시티 한강신도시 내달 분양
22067,국무부 관리들 2002년 부시에 이라크 침공 부작용 경고
22068,게시판 KT 과천서울랜드 등서 5G 액티비티 시즌1 진행
22069,김수영문학상에 이소호 시인
22070,SK건설 캐나다 산불 피해복구 성금 10만달러 기부
22071,올림픽 알파인 도시 정선서 고드름축제 열린다
22072,中 지표면 50도 가마솥더위…8개 성 지역에 폭염 경보
22073,LG 박용택 역대 최초로 200홈런300도루 달성
22074,제6회 금투협회장배 야구대회…4개월 대장정 시작
22075,英 하원 브렉시트 합의안 승인 보류…내주 표결 재추진종합2보
22076,우크라 대통령 취임 전부터 트럼프 압박 느끼고 대책 논의
22077,美B52 한반도 출동후 北 행보는…전문가 무력시위 예상
22078,靑 규제회의 매달 개최 실질적이고 성과 있는 개혁하자는 것
22079,민앤지 인터넷에코어워드 통신서비스 분야 대상
22080,지붕 위에 핀 예술
22081,프로농구 선두 DB 삼성 잡고 8연승 질주…두경민 26점...
22082,GM·정부 협의 진전…GM 조만간 외투지역 신청종합
22083,김종인 오후 2시 기자회견…거취 입장표명
22084,미술관에 골대 3개 달린 축구장이 들어선 까닭은종합
22085,아시안게임 4위 마감 박항서 매직…베트남 축구의 희망...
22086,美경찰 유대교회당 총격 협박 혐의로 20대 체포
22087,메리츠증권 게임빌 풍성한 신작…실적개선 기대
22088,野3당 거부권 행사 원천무효…20대 국회서 대여공조
22089,게시판 금투협 로보어드바이저의 이해 교육
22090,이승만 학당 개설…탈북민 20명 통일일꾼 첫 교육생
22091,캠코 아파트 등 압류재산 1천124건 공매
22092,한국인 선호 뉴스 채널 JTBC＞KBS＞MBC 순
22093,여야 원내지도부 朴대통령에 협치·소통 주문할듯
22094,게시판 KB증권 MTS에 PB 상담예약 기능 추가
22095,2018 ICT 결산 ①차세대 이동통신 5G 선도…세계 첫 상용화
22096,토트넘 아스널에 20 완승…손흥민 20호골은 다음 기회에
22097,암흑물질 후보 제4의 중성미자 예상 영역에는 없었다
22098,민족시인 신동엽 50주기 간담회
22099,내달 전국 3만2천여가구 분양…2003년 이후 최다
22100,문의장 오후 2시까지 여야 합의 안되면 본회의서 예산안 상정
22101,페이스북·인스타그램 먹통…글로벌 SNS 사용자 혼란
22102,제21호 태풍 제비 괌 부근 발생…한국 영향 여부 예의주시
22103,檢 대우조선 분식회계 다 드러나지 않았다…전모 밝힐 것
22104,국민연금기금 운용본부장 낙하산 아니다 해명
22105,대전세종충남 오전까지 약한 빗방울…낮에 그칠 듯
22106,573돌 한글날 예술의전당에 평화 플래시몹이 뜬다
22107,영상 역전승 발판 놓은 류현진…홈런 맞은 뒤 정신 번쩍
22108,코스피 팔자 외국인 카카오·삼성바이오는 샀다
22109,롯데家 6천억 탈세 적발…신격호 회장이 지시종합
22110,그래픽 공연 관람에 얼마나 쓰시나요
22111,페이스북 계정 정보 노린 악성코드 주의보
22112,완전 무제한이라더니…KT 5G 숨겨진 일일사용량 제한 논란
22113,한화 26년 만에 전반기 최고 성적…승률 0.584·2위...
22114,김관영 의원증원 검토 필요 거론…1987년부터 그대로
22115,물놀이·공연 그리고 게임…부산바다축제 내달 1일 팡파르
22116,동해 물안개 속 일출
22117,신간 분노 수업·우아함의 기술
22118,MLB 텍사스 펜스마저 타구 쫓다 부상…외야 줄부상
22119,홍익표 20대 통일문제에 부정적…원내대표 사과 동의 안 해
22120,네이버 모바일 연예판에도 AI 콘텐츠 추천 시스템 적용
22121,김의겸 진보개혁 성향 신문기자 출신…최순실 특종 명성 종합2보
22122,동유럽 나토 회원국들 지역 특수작전 구성사령부 설치키로
22123,월드컵 2차전 징크스·더위·대통령 관람…이겨내야 산다
22124,축구대표팀 마지막 연습경기서 U23에 02 패배
22125,삼성화재 우리카드에 대역전승…2위로 4라운드 마감
22126,프로배구 꼴찌 한국전력을 지탱하는 서재덕의 미소
22127,秋 내년 상반기내 대선후보 확정 조기경선 재확인
22128,한복 입은 이집트 여성들
22129,전국 오후부터 비 소식…남해안 시간당 20㎜ 강한 비
22130,朴대통령 추석연휴 북핵대응 집중…靑 비상근무체제
22131,LG 실수 연발하며 자멸…NC 4연패 탈출
22132,한국 달 탐사 등 우주개발 탄력 받는다종합
22133,北 무수단 미사일 발사준비…軍 도발 대비 감시강화종합
22134,아빠와 함께 타서 더 즐거운 수상 자전거
22135,6·13 선거 민주 친문 주자들 엄지척 승리
22136,스마트폰 버전 슈퍼마리오 한국에 지각 출시
22137,러시아 골란고원 이스라엘 주권 인정 美 비판
22138,이란 美 보란 듯 최신무기 동원 쿠르드계 반군 소탕
22139,최지만 부상 복귀 첫 타석서 안타 쾅…2타수 1안타
22140,김주성 23일 FIBA 예선 홍콩전 국가대표 은퇴식
22141,올해 이공분야 학술단체 지원사업에 126개 과제·32억 지원
22142,시리아 쿠르드군 IS 가담자 대거 석방…부족 요청 수용종합
22143,한국 여자배구 도미니카공화국 32 꺾고 첫승
22144,프랑스 2분기 실업률 8.5%…10년만에 최저
22145,또다시 적과의 동침 택한 KTLGU…신사업 1등 노린다
22146,보훈처 이명박 정권 초기부터 임을 위한 행진곡 식순서 배제
22147,여자농구 KDB생명 해체 전 마지막 경기에서도 패해 22연패
22148,탈북단체 강화서 대북전단 20만장·1달러 2천장 풍선 살포
22149,더민주 0∼5세 무상보육·공공임대 240만호 공약
22150,KT 총량 구매 기업전용 로밍 서비스 출시
22151,신년담화·회견 ⑫ 위안부 합의 이해에 日역할도 중요
22152,면세점 투자·고용 불확실성 해소…서울 추가는 변수종합
22153,류중일 감독 박용택 오늘 기록 세울 것 같은데…
22154,알림톡으로 결제까지 한 번에 LG CNS 톡페이 출시
22155,남북정상회담 상호발언 경청…김정은 악수하고 박수받으니 쑥스러워
22156,화천산천어축제 내년 1월 6일 개막…국내외 홍보 총력
22157,문 대통령 트럼프 대통령과 조만간 통화…북미 탐색대화 설득
22158,암호화폐 노린 채굴용 악성코드 급증…안전지대 없다
22159,美 슈퍼화요일 대회전 D1…양당 주자들 막판 총력전
22160,위클리 스마트 스마트폰 생활방수 믿고 썼다간 낭패
22161,LG전자 G6 24일 유럽시장 출사표…24개국 대상
22162,영상 방글라데시 수도 다카서 대형 화재…최소 56명 사망
22163,11월 첫 주말 가을 정취 물씬…더 추워지기 전에 야외로
22164,최고위원회의에서 발언하는 이해찬
22165,프로배구 외국인 트라이아웃 신청 마감…가스파리니는 불참
22166,靑 국회 합의 부분만 우선 개헌…미진한 부분은 추후 할 수도종합
22167,금융감독자문위원회 감독 기조 흔들리지 말아야
22168,19살 음바페 프랑스축구 선수협회 선정 올해의 영플레이어
22169,카카오게임 음양사 내달 1일 정식 서비스 개시
22170,갤럭시폴드 출시 첫날 초기물량 완판…18일 예약 진행
22171,한국GM 군산공장 안내판
22172,그래픽 원화 가치 하락 주요 신흥 10개국 중 3위
22173,증시신상품 코스피200 커버드콜 ATM ETF 상장
22174,김정훈 최은영 사익 챙기기 세월호선장 연상케 해
22175,농협은행 등 농협금융지주 자회사 4곳 CEO 선정 절차 개시
22176,지진·태풍에 강한 일본…재해대책 매뉴얼따라 총력 대응
22177,인터넷 기본정신 바뀌나…미 망중립성 폐기 후폭풍일듯
22178,LG 거침없이 7연승…SK 한화 따돌리고 2위 복귀
22179,혼돈의 푸에르토리코…일주일새 세 번째 주지사종합
22180,中 중금속 택배 포장재 환경오염 논란…회수율 20% 밑돌아
22181,컴투스 주당 1천400원 현금배당 계획
22182,신간 전쟁 국가 일본의 성장과 몰락
22183,유영민 장관 미래부 체질 개선 시작…혁신TF 가동
22184,프랑스 노란 조끼 집회 참여 인원 감소세
22185,MWC19 4G폰보다 싸다…샤오미 5G폰 진입장벽 낮출 것
22186,만경대 탐방 예약하세요…설악산사무소 인터넷 접수 시작
22187,코스피 장중 2500 찍고 하락 전환…2470대서 주춤종합
22188,올해 아이폰으로 찍은 최고 사진은…어워드 수상작 발표
22189,하나금융그룹 기업주도형 벤처캐피탈 하나벤처스 출범
22190,명작 옮겨적는 즐거움…필사 전문잡지 문득 창간
22191,대구 부노자 자책골 인천에 10 승리…7위로 도약
22192,의사 살해 환자 경찰서 나와 법원으로
22193,김진욱 kt 감독 니퍼트 부진 예상했던 결과
22194,그래픽 작년 해외서 긁은 카드 20조 육박 사상 최대
22195,美정부 사설교도소 사용 안한다…재소자 줄고 교정 효과 미흡
22196,연극계 성폭력 문제 반성·대처 움직임 시작종합
22197,中 화웨이 대만서도 퇴출되나…정부 연구기관 장비사용 금지
22198,조국 힘내세요 포털 검색어 1위…지지자 단체행동 나선 듯
22199,朴대통령 케냐 초등생 보건체조 시연 참관
22200,프로농구 FA 명단서 4명 제외…46명 1일부터 원소속팀과 협상
22201,엔씨 리니지2M 공개…이전에 없던 가장 거대한 세상
22202,NBA 샌안토니오토론토 빅딜 성사…레너드더로전 맞교환
22203,귀화 추진 배구 선수 알렉스 프로행 도전…태극마크도...
22204,국제적십자연맹 내달 베네수엘라에 인도주의 원조 배포
22205,암 전이·재발 억제 인자 찾았다
22206,위클리 스마트 구글은 왜 인간 뇌를 연구할까
22207,文대통령 우리경제 긍정적 변화…고용지표 뚜렷하게 개선종합
22208,방심위 방송심의 민원 대리 신청 수사 의뢰
22209,삼성 갤A9으로 인도시장 탈환 노린다…제품 라인업 강화
22210,올겨울 여행 키워드…가족·12월·아시아·힐링
22211,인천국제공항 한국전통문화센터 새단장
22212,적조 퇴치길 열리나…유전자의 구제물질 반응 최초로 규명
22213,주파수 경매 흥행 실패…낙찰가 2조1천106억 그쳐3보
22214,로하스 kt 최초의 사이클링히트…삼성에 10점차 대승
22215,여자 축구대표팀 윤덕여 감독 득점보다 승점이 더 귀했다
22216,무르익는 북미정상회담…뉴욕行 문대통령 손에 달린 디테일
22217,이중근 부영 회장 검찰 재소환
22218,뉴욕증시 미 고용 발표 후 금리인상 기대 약화로 상승 출발
22219,야권과 대화 재개한 니카라과 정부 정치범 50명 추가 석방
22220,북민협 국제적십자에 北 수해지원금 2억원 전달
22221,카타르 군주 아랍권 외교 봉쇄 장애물 극복했다
22222,경제행보 朴대통령 총선 닷새앞 격전지 청주·전주 방문종합
22223,SNS돋보기 JSA 귀순병 치료비 정부가 지원…세금 잘 썼네
22224,러 외무차관 미국 시리아서 완전히 철군할지 의심
22225,北 실무회담 결과 보도…공동입장·단일팀 합의는 공개 안해종합
22226,삼성 3분기 71개국서 스마트폰 1위…미국·캐나다서 2위
22227,이란 외무 미국 이란에 집착하는 악성질환 치료해야
22228,경기도 제1회 광고홍보제 시상
22229,청년이 된 함평나비축제 27∼5월 7일 열린다
22230,갤노트8·아이폰8·V30…프리미엄 스마트폰 대전 막 올라
22231,주간 화제의 뉴스 류여해 제명 사면 제천 참사 등 관심
22232,프로야구 개막전 선발 투수 7개 팀 확정…3개 팀의 선택은
22233,집게턱거미 먹이 무는 속도 시속 30㎞ 美 연구팀
22234,박상관 감독 내 딸 박지수 성공 가능성은 51
22235,살아난 강정호 유격수 출전 자신감 편안했다
22236,전문 朴대통령 연설문 사전 유출 대국민사과
22237,하나금투 8월 금통위서 일부 위원 매파성향 강화
22238,4회 7점 한화 하루만에 2위 복귀…박용택은 2안타종합
22239,이란 UAE 인근 상선 사보타주 사건에 우려 표명…조사 촉구
22240,한은 수도권 아파트 수요 증가 금리와 무관치 않아
22241,남자농구 김상식 감독 리바운드·몸싸움 이긴 게 역전 요인
22242,르포 에너지자립섬 가파도…전기료 뚝·관광객 쑥
22243,호날두 인스타그램 사진 1장 가치는 4억6천만원
22244,신간 서울은 왜 이렇게 추운겨·과거로부터의 행진
22245,미국 이번엔 멕시코와 토마토 전쟁…17.5% 관세 부과
22246,北당대회 중앙통신 평양은 경축 분위기…개회 언급은 없어
22247,충남 14개 시·군 대설주의보 해제…부여 8.5㎝
22248,검찰로 넘어간 패스트트랙 사건…고강도·신속 수사 전망
22249,英언론 U20월드컵 우승한 어린 사자들 EPL서는...
22250,언론 브리핑 마친 이효성 방송통신위원장
22251,안종범 정책조정수석 지난 주말 조용히 딸 혼사 치러
22252,靑 北추가도발 가능성 예의주시…NSC 상임위 개최전망
22253,특징주 CJ 자사주 취득 결정에 강세
22254,게시판 KBS미디어 학폭 예방 뮤지컬 사업 MOU
22255,여자농구 KB 최강 우리은행에 짜릿한 승리…염윤아 위닝샷
22256,한낮 더위
22257,北 김정은 잇단 민생행보…이번엔 비누공장 방문
22258,증강현실로 배우는 태권도…엠게임 태권 히어로즈 출시
22259,안철수 잘 부탁드립니다
22260,돌아온 피겨퀸 김연아
22261,국내 주식형 펀드 닷새 만에 자금 순유입
22262,이대호 연타석포 롯데 SK 7연승 도전 저지
22263,선거법 상정 vs 필리버스터 장전…민생法·인사청문도 영향
22264,요양병원 결제 간편해진다…KT 요양병원협회와 간편납부 MOU
22265,갤노트9 동남아·호주서 출시행사…말레이시아 예판 매진
22266,VR현장 옛 기차역에서 시간 여행 떠나보세요
22267,스포츠10대뉴스 ⑦아시안게임 야구 금메달에도 병역 논란...
22268,朴대통령 지지도 31.5% 취임후 최저…더민주 첫 1위종합
22269,아파트 관리비도 AI 누구에 묻는다…SKT 내년 1분기 상용화
22270,클래식 공연 즐기고 낮잠도 자고…영화관의 변신
22271,與 장관 출신만 경선가점 배제…국민여론 70%로 상향종합2보
22272,이베이코리아 소방공무원 처우개선 공로로 표창장 받아
22273,세월호 단체들 참사 왜곡보도 책임 7개 언론사 명단 공개
22274,19∼24일 과천과학관서 대한민국 우표전시회
22275,대우조선 작년 5조5천51억 적자…4분기 9천733억 손실종합
22276,신인왕 안영준 이제 3대3 농구 금메달이 목표
22277,페이스북도 가짜뉴스에 골머리…전수조사·수익차단
22278,마지막 러시아행 티켓 주인은 페루…36년 만에 본선행
22279,늦더위 주춤 벌써 초가을…전국 유원지·산 북적
22280,대구소식 컬러풀 페스티벌 축제감독 공모
22281,文대통령 오늘 이미선 청문보고서 재송부 요청…임명 수순
22282,한미일 내일 합참의장 회의…北미사일 대응 논의종합
22283,민심에 무릎…알제리 부테플리카 대통령 28일까지 사임
22284,문대통령 북미교착 해결사論 부상…평양회담으로 돌파구 찾나
22285,가극 금강 낭독공연 문성근 총감독
22286,동원 김 스낵 미국 코스트코 87개점서 판매
22287,SK텔레콤 5G 핵심기술 연구 결과 공개
22288,경기북부 전역 오후 6시 강풍주의보 해제
22289,현대차 고성능 N의 첫 모델 벨로스터 N
22290,첫날 이승만 박정희도 참배한 김종인 당연히 해야지
22291,대한축구협회 12일 바자회 개최…이용·문선민 팬사인회
22292,박영선 6년 전 황교안 김학의 얘기에 당황…귀까지 빨개져종합
22293,정부 김정은의 양팔 北최룡해·황병서 제재명단에 올린다
22294,이스라엘군 이틀 연속 가자지구 접경서 팔레스타인인 사살
22295,美상원 정보위 트럼프 장남 출석 요구…러시아스캔들 조사 확대
22296,빵값 시위로 촉발된 바시르 수단 대통령의 몰락
22297,안개 속 페루 대선…반 독재ㆍ부동표가 가른다
22298,올림픽 손 소독하는 도종환 장관
22299,주간 화제의 뉴스 이재용 석방 비트코인 폭락 등 주목
22300,중동 유일 UAE 아부다비 北식당 옥류관 영업중단
22301,박지수·쏜튼 더블더블 KB OK저축은행 꺾고 3연패 탈출
22302,심상정 연내 선거제 개혁안 마련…5당 지도부와 협상 병행종합2보
22303,네이버 스마트렌즈 외화·와인 인식 기능 도입
22304,추신수 2루타볼넷 2개 묶어 3출루·3득점
22305,손흥민 아시안컵서 통산 4골…내년 1월 UAE 대회에선
22306,MLB 인종장벽 허문 재키 로빈슨 첫 계약서 경매…57억원...
22307,힐러리 vs 트럼프 오차범위 내 접전 양상…경합주서도 혼전
22308,美 전략무기 언제 한반도 출동하나…안보위기 때마다 무력시위
22309,양양서 4명 탄 레저 보트 전복…구명조끼 착용해 전원 구조
22310,악동 로드먼 음주운전 혐의로 또 체포
22311,황희찬의 잘츠부르크 레알 소시에다드와 유로파리그 32강 격돌
22312,프로농구 현대모비스 인삼공사 잡고 2연승 휘파람
22313,하나은행 채용비리 검사 문답…최흥식 전 원장 채용비리 확인
22314,종교소식 서소문성지역사박물관 옻·칠·나전 기획전 外
22315,올해 출판계 키워드 1위에 소확행
22316,中남중국해 중재판결 거부는 전략적 오판…더 큰 손실
22317,민주 극우 한국당 프레임 공세…국민 저항 직면할 것
22318,신간 스피노자의 귀환·제국의 관문
22319,조윤선 문화가 신성장동력 되도록 건강한 생태계 구축
22320,독립PD협회 외주PD 사망 관련 EBS 책임자 고소
22321,靑 중폭 물갈이…민생·고용 성과내려는 의지 속 측근 전진배치
22322,슬로바키아서 일주일새 유대인 묘비 80여개 훼손…경찰 수사
22323,첼시 콘테 감독 토트넘 더 이상 언더독 아니다
22324,스웨덴 여자축구대표팀 유니폼 문구로 여성인권 캠페인
22325,판테온 옆에 맥도날드 알루미늄 굴뚝…伊 정부 철거 명령
22326,이집트 사카라에서 발굴된 동물 미라
22327,곳곳 시간당 30㎜ 폭우…서울·경기 사흘간 300㎜ 이상 많은 비
22328,독일군 이라크서 훈련지원임무 재개…위협감소 판단
22329,문화소식 서울디자인페스티벌 12월 4일 개막
22330,대신지배구조硏도 현대모비스 분할·합병에 반대 권고
22331,김정은 전용열차로 하노이 가나…북중접경 이상 징후 없어
22332,러 미사일 엔진 폭발 사망 5명으로 늘어…방사능 급증 원인불명
22333,호주 해외 종교인력 고용 허용범위 넓혀
22334,제일홀딩스 계열사 팬오션 주식 720억원 취득
22335,카드뉴스 한국 문학 다시 한 번 세계에 감동을 줄까
22336,꿈의 전자파 테라헤르츠파 세기 조절한다
22337,거리 시위냐 집에서 인터넷이냐…이란의 와해 전략
22338,사우디 방문비자 유효기간 6개월→5년…매번 3개월 체류 가능
22339,성인 40% 1년에 책 1권도 안 읽어…독서율 역대 최저종합
22340,문 대통령 아크부대 방문…UAE 순방 마치고 오늘밤 귀국길 올라
22341,OK저축 우리카드 꺾고 4연패 탈출…현대건설 2연승종합
22342,올해도 새벽 출근 추신수 2019년 첫 라이브 배팅
22343,北 양강도 백두산관광철도 공사장 산사태로 5명 사망 RFA
22344,나이지리아 북부서 보코하람 공격에 난민 3만명 발생
22345,태풍 차바 부산 45㎜ 비에 강풍…정오께 고비
22346,LG유플러스 LG G6 출시
22347,수원정 후보토론회 야합 야권연대vs구태 공천파동
22348,한미일 대화공조로 전열 재정비…한미 남북북미회담 조율
22349,최양희 미래부장관 단통법 개정안 의견 경청
22350,홍남기 정책수단 총동원…2.62.7% 성장목표 달성 총력속보
22351,KT 기가지니 키즈 콘텐츠 강화…자동차·호텔서도 쓴다종합
22352,므누신 로봇 실업 걱정할 것 없어 발언 美언론 뭇매
22353,5G가 만드는 게임 세상 SK텔레콤 5GX 페스티벌 개최
22354,유커 상대 저질 덤핑 여행사 신고하면 300만원 포상종합2보
22355,두산 베어스 코치진 보직 확정…조성환·조인성 1군 코치
22356,정론관 나서는 김태년
22357,동정 고삼석 방통위원 이동통신 유통점 현장방문
22358,사이클론 덮친 모잠비크 콜레라·말라리아 확산 우려
22359,이란 최고지도자 이란 불안케 하려는 적들의 공작 물리쳐
22360,요스바니 29득점 OK저축은행 우리카드 꺾고 4연패 탈출
22361,악덕 한인기업 즉각 퇴출해야
22362,올림픽 성화 전남 온다…해상케이블카·증기기관차·헬기 봉송
22363,중국서 대만관광객 등 23명탄 버스 산사태에 매몰…22명 탈출종합
22364,게시판 KISTATC협회 산업인력 양성 협정 체결
22365,예술을 품은 인천공항…제2터미널서 경험하는 감각의 비상
22366,넥센 김하성 2홈런 4타점 작렬하고 미스터 올스타
22367,김기식 금융시스템의 안정과 금융소비자 보호 주력
22368,풀타임 선발 투수 원해…마에다 불펜 이동에 불만
22369,사드 보복 직격탄 관광업계에 1천250억원 경영안전자금 지원
22370,권한분산 공수처 논의서 손떼는 검찰…장외 여론전 나설수도
22371,기사형 광고 믿고 구매했다가 피해…언론사도 일부 배상책임
22372,유방암 치료제에 내성 유발하는 유전자 찾았다
22373,거시기 한마디로 통하는 땅…신간 전라도 천년
22374,구글 어시스턴트 국내 출격 채비…AI 비서 시장 격전 예고
22375,총리부터 거리의 시민까지 열광 베트남 언론이 전하는 흥분
22376,朴대통령 패럴림픽 메달리스트에 축전…기쁨·감동 선사
22377,물 반 고기 반이라고요…강릉 해변에 몰려든 강태공들
22378,朴대통령 노르웨이 총리와 정상회담…총선후 첫 일정
22379,대한항공 선두질주…신의 한 수된 유광우 영입
22380,호주 대형 쇼핑몰 체인 美 우버 에어와 제휴 추진
22381,산케이 아베 개헌 지지세력 개헌안 발의가능 의석수 차지할듯
22382,박영수 특검 특검 내부 조직구조 업무분장 구상속보
22383,태풍 차바 경북 15개교 임시휴업종합
22384,NBA 골든스테이트·휴스턴 서부 콘퍼런스 결승까지 1승
22385,바닥난 체력에 잠실징크스까지…코너에 몰린 KCC
22386,靑 질서있는 퇴진론에 부정적…헌법 정신 맞지 않아
22387,정의용 중·러 방문…서훈 일본 방문속보
22388,LH 판교복합단지 오피스빌딩 첫 상장리츠 공모 추진
22389,네이버 임원제 폐지로 내부자 지분 보유현황 불투명
22390,알자지라방송 이집트 1천일 불법구금 기자 석방해야
22391,KT 1분기 영업익 4천150억원…8.3％ 증가
22392,코스피 외국인 매수에 상승 출발…2070대 강보합종합
22393,이산가족 전면 실태조사 중순 착수…9월 완료
22394,월드컵 한국 경기 최다 관중은 8만2천명…최고 시청률은 79
22395,질문에 답하는 김태년
22396,삼성전자 지주사전환 검토 첫 공식화…지배구조 개편 시동종합2보
22397,문 대통령 올림픽유치 고맙다…MB 성공적으로 마치면 좋겠다
22398,외국인 관광객 재방문율 38% 그쳐…일본 61%와 큰 차이
22399,일대일로 포럼 앞두고 IMF 총재·칠레 대통령 등 방중 물결종합
22400,윤대녕 세월호 후 글못써…삶을 지속하고자 소설썼다
22401,최기영 장관 젊은 연구원들과 간담회
22402,게시판 만화의 날 기념식
22403,페루 좌파 대선후보 쿠친스키 지지선언…결선투표 변수 부상
22404,메이 英총리 브렉시트 의회 표결 내달 12일까지 마칠 것
22405,이스라엘에 로켓 떨어져 7명 부상…이스라엘 가자지구 공습종합2보
22406,베스트셀러 노벨경제학상 세일러 교수 넛지 10위 올라
22407,NBA 휴스턴 3쿼터만 50점…플레이오프 2R 진출 1승 ...
22408,그래픽 직장 내 괴롭힘 판단 기준
22409,그래픽 숫자로 본 박근혜 재판 기록들종합
22410,특징주 현대차그룹株 엘리엇 주주권익 요구에 강세
22411,여자농구 삼성생명 신한은행 꺾고 4위 확정
22412,소리·공간의 만남 구현한 국악박물관…보수 마치고 재개관
22413,北 이산상봉 단장 인도주의 문제 해결 새 장 펼치겠다
22414,카카오 2분기 영업익 276억원…작년보다 38% 감소종합
22415,게시판 스마트팩토리·벤처지원 SKTKDB산업은행 업무협약
22416,삼성 간판 뗀 롯데정밀화학 오늘 공식 출범
22417,사용 안 해도 환불 불가…모바일게임 리니지M 아이템 피해주의보
22418,기아차 명품 가죽소재로 고급스러워진 스팅어 신모델 출시
22419,6∼15일 김포·강화 돼지농장 특별소독·일제청소
22420,해결사 안치홍의 한 방 KIA의 운명을 가른다
22421,포천아트밸리서 높이 45ｍ 절벽 배경 야간 공중쇼
22422,한·우간다 장관급 경제협력협의체 신설
22423,KT 부스 살펴보는 황창규 회장
22424,미국 차기 정부 북한 체제 전복·무력행사도 정책 옵션종합
22425,김연수 사랑이라니 선영아 佛 출간…시적정취·유머 호평
22426,EBS 사장 후보자 재공모에 20명 지원
22427,5월 황금연휴 해외 한인민박 이용권 드려요
22428,태안 28개 해수욕장 7일 일제히 개장…내달 18일까지 운영
22429,얼쑤 좋다…토요일 밤에 즐기는 야외 국악 공연
22430,ECB 수장에 라가르드 취임…통화정책 유지속 재정정책 강조 전망
22431,MS XP등 옛 윈도 버전 보안패치 긴급배포…랜섬웨어 대비
22432,일본서도 의원정수 감축 논란…與 소극찬성·野 찬반양론
22433,총에 맞은 오티스 보스턴 구단 비행기로 미국 이송…입원 ...
22434,서울→이스탄불 차로 달린다…비단길 자동차 대장정
22435,웰바이오텍 최대주주 파티게임즈 → 더우주
22436,월드컵 스웨덴전 韓유니폼은 흰색…멕시코·독일전엔 붉은색
22437,인터넷진흥원 15일 조직개편…융합보안 대응 조직 신설
22438,이란 美 드론의 영공 침범 부인할 수 없는 증거 있어
22439,FIFA 보고서에 한국잉글랜드 월드컵 개최지 투표 거래...
22440,전북 현대 K리그 2연패…역대 최다 잔여경기 남기고 우승...
22441,동네 대기오염 알려주는 英웹사이트…집값 하락 유인 기대
22442,유럽의회 선거 패배 그리스 총리 조기총선 실시할 것
22443,검찰 개혁방향 발표하는 홍준표 지사
22444,갤노트9 출시 첫주 번호이동 45%↑…불법 보조금도 확산
22445,여야 마지막 임시국회 의사일정·처리안건 집중 조율
22446,유영민 과학 RD 멀리 보고 가야…성과에 집착 말자
22447,그래픽 1억원 이상 뛴 분양·입주권 매매 건수 및 양도소득
22448,현대重 조선소 최고기능인 뽑는다…사내 기능경진대회
22449,낯선 실험 vs 치밀한 서사…1980년대생 작가들 새 소설집
22450,쿠티뉴 포기 못해 바르사 2천억원에 4번째 베팅
22451,LGU 웰컴저축은행과 최고 연 8% 금리 적금 출시
22452,北김정은 신형 ICBM 엔진 지상분출시험 시찰…완전 성공2보
22453,안철수 언제든 만나자 정운찬에 전화…대표 영입 탄력받나
22454,갤노트8 가격 100만원 안 넘는다…고동진 숫자 1 부담 커
22455,우버에 매각 카림 사막에 꽃 피운 두바이 스타트업
22456,민주 당권주자 예비경선 탈락 후보 잡아라…구애 경쟁 치열
22457,캐나다 화웨이 갈등에 대중국 농산물 수출 타격
22458,마린스키 별 김기민 점프 장면 유독 박수 많은 거 알죠
22459,아시안게임 銀 합작한 여자농구 중국도 하나된 남북의 ...
22460,미중 군수뇌부 베이징서 회동…소통 강조
22461,아이폰X 열달만에 6천300만대 돌파…아이폰6 매출 웃돌 것
22462,고양시 15일 오리온구단과 청소년 농구 페스티벌
22463,文대통령 반부패협의회 주재…탈세 등 반칙·특권 대책 논의
22464,빵값 폭등 시위로 최대 위기 몰린 수단 바시르 대통령종합
22465,오르내릴때 덜 힘든 계단 개발…고령화 사회에 유용
22466,SK텔레콤 아이폰6s 출고가 50% 인하…최대 60만원↓
22467,SKT 한글날 맞아 우리말로 통신용어 쓰자 캠페인
22468,정규리그 MVP 대한항공 집안싸움…정지석 밀어주기가 ...
22469,추신수 안타·볼넷 없이 삼진만 3개
22470,연극계 블랙리스트 관련자 처분에 반발…도종환 장관 사퇴요구
22471,랜섬웨어 공포 ② 내 컴퓨터 어떻게 지키나…보안 기본원칙 충실해야
22472,영상 식지 않은 박항서 매직…북한과 친선경기도 응원...
22473,SK텔레콤 IoT 사업 박차…6월까지 전국망 조기 구축
22474,음바페 데뷔골·네이마르 4호골…PSG 메스 51 대파종합
22475,문 대통령 양상우 한겨레 대표이사와 인사
22476,미래부 무인이동체 개발에 3년간 400억 원 투입
22477,방통위 방송통신 정책고객 대표자 회의 개최
22478,사우디 홍해서 엔진 고장 난 이란 유조선 지원
22479,정지석·이재영 프로배구 정규리그 남녀부 MVP
22480,여자축구 현대제철 한수원 꺾고 1위 수성
22481,임지훈 대표 카카오톡 대화창에 광고 넣을 계획 없다
22482,정부 관계자 반도체 수출규제 수십억 소비자에 부정적 영향
22483,트럼프 기업금수조치 어기고 쿠바진출 모색…6만8천달러 지출
22484,단독시진핑 축전에 김정은 동지 없어…라오스·쿠바 축전과 대비종합
22485,국제사회 리비아 내전 개입 본격화하나…유엔서 특별회의 열려
22486,이란 휘발유 가격 50% 인상에 곳곳 항의 시위…1명 사망종합
22487,北풍계리 핵실험장 차량·인력 23배…5차핵실험 가능성 주시
22488,게시판 미래부 연구산업 육성전략 포럼
22489,스키이어 또…오스트리아 사이클 스타 혈액도핑 자백
22490,2019년이 밝았다 불꽃놀이·레이저쇼…설레는 지구촌
22491,보령시터프머더 터프머더 보령대회 개최 협약
22492,朴대통령 북핵압박 외교중에 北도발…고강도 北옥죄기 전망
22493,후보자 추천 관리 시스템 시연 지켜보는 김경협과 위원들
22494,공기중에 떠다니는 곰팡이 실시간으로 검출한다
22495,안철수유승민 부산서 세몰이…지방선거 지난 대선과 다를것
22496,FC바르셀로나 뎀벨레 영입 공식 발표…이적료 1억500만 유로
22497,동양 보통주 1주당 50원 현금배당
22498,김관영 부적격 후보 국회 비토권 강화…인사청문회법 개정해야
22499,라스베이거스 라이프 이즈 뷰티풀 축제 9월 22일 개막
22500,과기부 인천·강원·충북·전남·경남 SW 교육사업 지원
22501,고은 詩 교과서에서 빠질까…교육부 출판사·저작자에 수정권
22502,국토부 우간다 대표단 초청해 물류정책 교육
22503,카자흐스탄 실크로드 문화 소개한 학술서 번역·출간
22504,성난 민심에 고개 숙인 칠레 대통령…연금·임금 개선안 등 제시
22505,DB금융스팩6호 반도체장비업체 네온테크 흡수합병
22506,레스터시티 새 사령탑에 퓌엘 전 사우샘프턴 감독 선임
22507,여중생과 성관계 40대 학원장 징역 3년·법정구속
22508,아모레퍼시픽 소비자단체와 이해관계자 포럼 열어
22509,월드컵 출정식 보스니아전에 만원 관중 예상
22510,北주도 태권도연맹 프란치스코 교황에 명예9단 수여
22511,프로배구 현대캐피탈 3연승으로 챔프전 우승…2년만에 정상탈환
22512,중국 언론 김동연 부총리 강연 조명…열렬한 환호 받아
22513,아이들 대피시키고 헌혈위해 긴 줄…美 총격 현장의 숨은영웅들
22514,샌프란시스코 오라클 파크의 주요 행사 3선
22515,트럼프 탄핵 대응팀도 안만들고 트윗 반격만…측근들 우려
22516,美이란 호르무즈 해협 봉쇄 놓고 군 장성간 설전
22517,기술·글로벌·소상공인 방점…네이버 역대 최대 투자종합
22518,베이징 열흘새 두 차례 지진에 불안 확산…서로 연관 없어
22519,의회독재냐 행정부 견제냐…여야 국회법 법리 공방
22520,무디스 삼성증권 등급 전망 부정적으로 하향 조정
22521,지구닮은 최단거리 행성 발견…이달 말 발표
22522,KBS 강원산불 재난방송 미흡 지적에 개선TF 가동
22523,네이버 1분기 영업익 32.1%↑…라인 호실적 견인종합2보
22524,MMF 설정액 100조원 아래로…3년8개월 만에 최저
22525,베네수엘라 사태 취재 프랑스 기자 2명 체포돼
22526,경기도 북부권 8개 시·군 오후 6시 오존주의보 발령
22527,한국 스마트폰 도매평균가 일본 이어 세계 2번째
22528,뉴질랜드 총기 바이백 美에 참고서 될까…트럼프 관심
22529,이스라엘 총리 이란 겨냥 우리 해치려는 누구든 타격할 것
22530,신간 소로의 나무 일기
22531,중국 캐나다 마약범 사형선고에 진정한 법치
22532,73년 전통 기장시장 내주 가을축제 개막…체험행사 다채
22533,물가상승과 치안불안에 베네수엘라 카드 결제기 사용 급증
22534,청문회 국회법 논란 ③ 상임위 청문회로 국감 대체
22535,정부 5G 주파수 경매 방식 검토 착수…업계 촉각
22536,최소 30만명 인도적 지원필요…매슈에 최빈국 아이티 초토화종합
22537,삼성 갤럭시폰 기업시장 확장…네덜란드 공군도 쓴다
22538,윤석열 협박 유튜버 이번엔 집회현장서 시민 폭행
22539,중국 경기 둔화에도 춘제 해외여행 급증…한국은 인기 4위종합
22540,두바이유 가격 또 상승…배럴당 45달러 선 회복
22541,삼성중공업 4천120억원 규모 LNG운반선 2척 수주
22542,게시판 투교협 2019 글로벌 경제·금융시장 전망 수요강좌
22543,주말 N 여행 영남권 봄의 전령 매화향 가득…양산 원동·섬진강 하동 축제
22544,여자농구 7라운드 MVP에 삼성생명 토마스
22545,임대식 본부장 과학기술정책 연구자 중심으로 전환할 것
22546,특징주 이녹스첨단소재 2분기 실적 부진에 신저가
22547,포켓몬 고 우회설치파일에 악성코드 개인정보 위험
22548,레알 마드리드 국왕컵 32강 첫 경기서 3부리그 팀에 2...
22549,브뤼셀 테러 난민·EU 반대 목소리 커진다…브렉시트도 영향종합
22550,마지막 올스타전 김주성 진짜 은퇴할 때는 우는 대신 웃으...
22551,당정청 국가안위 최우선…정쟁 중단하고 법 통과시켜야
22552,언론노조 모범조합원상 시상
22553,룽투코리아 VR 게임 맞짱탁구 퍼블리싱 계약
22554,서울 개인택시 운전자들 타다 여객운송 전면금지하라
22555,바나나 옆 노키아 바나나 폰
22556,프로농구 전자랜드 시각장애인 김민석씨 1호 명예선수 위촉
22557,EU 美 제외한 이란 핵 합의 서명 당사국 28일 빈서 회동
22558,인터넷나야나 랜섬웨어 피해 복구중…해커와 13억 협상 논란종합
22559,코아로직 수원지법에 회생절차 종결 신청
22560,그래픽 삼성 갤럭시S10 5G 주요 제원
22561,포털 다음 연예 뉴스 댓글 잠정 폐지…인격 모독 심각종합2보
22562,기업 해외이익 4천억불 귀환 미 세제개편에 시장 요동치나
22563,1년4개월 만에 文대통령여야대표 회동 가능성…의제 등 미지수
22564,KT 초고속 기가 인터넷 가입자 250만 명 돌파
22565,유커 1천명 9일 서울서 단오 세시풍속 즐긴다
22566,서영해 어느 한국인의 삶 북콘서트
22567,2010년엔 포수를 2018년엔 야수를 바라보다
22568,아프리카 기니서 대통령 연임반대 시위…경찰 발포에 9명 사망
22569,中투자 촉진 차이나위크 개최…1억5천만불 유치 기대
22570,애틀랜타·메츠·미네소타·에인절스 류현진 영입 경쟁
22571,코스닥시장위원장에 길재욱 한양대 교수 내정종합
22572,중국 기업 유커 급증 일본내 관광산업 잇따라 투자
22573,그래픽 공시지가 인상에 따른 보유세·건강보험료 변화
22574,아프리카 남수단서 부족 간 폭력사태로 11명 사망
22575,월드컵 독일도 경우의 수 계산 중…서로 절박한 끝장 승부
22576,길따라 멋따라 해운대의 낮과 밤을 보다
22577,도종환 올림픽 남북공동개최에 대북제재 단점 평화구현 장점
22578,일제강제징용 유가족 청구권 자금 환수 촉구
22579,번역 핵심은 읽기…AI가 인간처럼 읽을 수 있을까
22580,평창올림픽 열린 4곳 연계 장기체류형 스키상품 개발
22581,우크라 게이트는 트럼프가 주역…러시아 스캔들과 달라
22582,SNS돋보기 사나운 꽃샘추위…봄이 봄이 아니다
22583,그래픽 세계 스마트폰 가장 많이 팔린 시리즈는
22584,한국당 기승전조국·총선용 개각…부메랑으로 돌아올 것
22585,일본 야스쿠니합사 취소소송 패소후 입장 밝히는 유족·변호인
22586,정부 5·24조치·금강산관광 중단 피해기업에 1천228억 지원종합
22587,성폭력 겪고 나니 문학이 구원 아닌 지옥으로
22588,이낙연 총리 정재숙 문화재청장에게 임명장
22589,동원 비린맛 없앤 꽁치캔 출시
22590,트럼프같은 나르시시스트들이 사용하는 유혹의 기술
22591,최양희 미래부 장관 연구실 안전관리 상황 점검
22592,북중 軍수뇌부 베이징 회동…북중 우의·군사 협력 과시종합
22593,워내대책회의 참석하는 조정식과 윤관석
22594,문 대통령 뤼테 네덜란드 총리와 정상회담
22595,남북 정상 오후 5시 40분 판문점 선언 서명식
22596,또 헌법 1조 언급한 유승민…권력은 국민으로부터 나온다
22597,신간 미술사 입문자를 위한 대화·디자인과 도덕
22598,대구·경북 강추위 계속…일요일 최강 한파
22599,인사나누는 폼페이오남관표
22600,아스널 5부리그 서턴 격파…링컨시티와 FA컵 8강전
22601,교체출전 석현준 네이마르와 격돌…4경기 연속골 실패
22602,중진공 해외민간네트워크 활용사업 참여기업 모집
22603,북녘땅이 코앞 강화 교동도에 초고속 인터넷 개통
22604,대신증권 총수 일가 상속 위해 한진 지분 매각 유력
22605,위안부 문제 다룬 다큐멘터리 주전장 일본서 개봉
22606,출시 한달 갤노트8 판매 1위 질주…하루 1만5천대 팔려
22607,MBC 2012년 파업 중 채용인력 근로계약 유지종합2보
22608,브라질 소두증 의심 증가세…230명 감염 5명 사망 확인
22609,아이폰8 증강현실 탑재 유력… 갤S8 열세 처할 듯
22610,北발사체에 미일 당국자 통화…한미일 협력 확인
22611,이란군 최신구축함 등 해군함대 3월부터 5개월간 대서양 항해
22612,6·13 선거 서울시장 민주 박원순 당선 확실…3선 성공종합
22613,투자일임형 ISA도 허용 추진…중소 증권사에 혜택
22614,과테말라 헌재 대통령 비리수사 유엔 반부패기구서 탈퇴 저지
22615,SBS노조 태영 비판 집회에 사측 건물 봉쇄…갈등 격화
22616,장관급 국무조정실장에 이석준 미래부 1차관종합
22617,문학과 시대 이야기하자 국내외 작가 30인 모여종합
22618,로버츠 감독 류현진 부상자 명단 올릴 계획종합
22619,농협경제지주 사내벤처 우수사업 특별시상식 개최
22620,北매체 中전인대 결과 보도…시진핑 재선출 소식 전해
22621,훈민정음 창제는 혁명…한글은 세종대왕이 홀로 만든 문자
22622,나경원 국회 총리추천제 되면 연동형 비례대표제 논의
22623,노트르담 화재 이틀만에…휘발유 들고 美성당 침입한 남성 체포
22624,유홍준의 나의 문화유산답사기 중국편 출간
22625,엑스포 예산 담배기업 후원받으려던 스위스 비판 여론에 철회
22626,삼성 스마트폰 작년 영업익 12조…올해 갤S9도 기대종합
22627,이란 포르도 농축시설에 우라늄 기체 주입
22628,조수미 신이 주신 목소리란 수식어에 책임감
22629,손흥민의 숨은 선행 지난 8월 육군에 1억원 기부
22630,정부 주도 첫 위안부 연구소 개소
22631,1군 복귀 뒤 호투 유희관 더 잘해야죠
22632,민주 한반도 새 100년 위원회 신설…홍보조직도 통합조정
22633,SK하이닉스 실적 개선세…3분기 영업익 7천260억종합2보
22634,추신수 4경기 연속 안타에 1타점…팀은 8연패 늪
22635,부상병동 NBA 보스턴 밀워키 꺾고 PO 2라운드 진출
22636,빨라진 여름에 휴가준비 서둘러…해외여행 예약 급증
22637,우리은행 자금세탁방지 시스템 글로벌 수준으로 구축
22638,마스크 쓴 홍콩 시위대 다시 거리로…지하철역에 화염병 투척도
22639,통일농구 선수단 평양도착…北 열렬히 축하…만날수록 정 통...
22640,멜론 틱톡과 플랫폼 연동…음악·동영상 연계
22641,LG 스마트워치 신제품 내달 출시…G7과 쌍끌이 전략
22642,제3정당이냐 與과반저지냐…安과 千·金의 동상이몽
22643,다양한 도자기 만나보세요
22644,제라드 4골 관여 리버풀 레전드 R.마드리드와 자선경...
22645,한국현대사부터 가상대륙까지…종횡무진 장르소설들
22646,직장인이라면 공감할 얘기…설레는 일 그런 거 없습니다
22647,챔피언전 MVP 연세대 1학년 이정현 올해는 최고의 한 해
22648,다운 증후군 원인 단백질 작용 과정 규명
22649,대한항공·현대캐피탈 2강여자부 흥국생명 독주 굳어지나
22650,전 여친 알몸 사진 여친 지인에 전송…30대 징역 10개월
22651,당정 오늘 지진대책 마련 휴일 긴급간담회
22652,ICC 검사장 팔레스타인지역 전쟁범죄 조사…이스라엘·美 반발
22653,증시신상품 한투증권 매달 조기상환 확인하는 ELS
22654,이통3사 주파수 경매 나눠먹기…정부 세수 확보 고민
22655,터키 에르도안 쿠르드 철수 않으면 우리 손으로 청소할 것종합
22656,DJI 미니드론 스파크 출시
22657,남북연락사무소 설치 준비인력 19·20일 개성공단 방문종합
22658,中양제츠 美폼페이오에 내정간섭 즉각 중단해야
22659,삼성전자·오픈마켓 내일 갤럭시 폴드 예약판매 재개
22660,민주평통 청년 자문위원 대북제재 촉구 결의문 채택
22661,美 휴대전화 등 중국산 일부 제품 10% 관세 12월15일로 연기종합
22662,게시판 신한금융 더 뱅커 선정 대한민국 1등 금융 브랜드
22663,민주 경기 원팀 결의…전해철 선대위원장 맡아 이재명 지원
22664,브로드웨이 시상식 휩쓴 젠틀맨스 가이드 11월 한국 초연
22665,충남소식 천안 공·사립유치원 49곳 운영지도 점검
22666,홍용표 北개성공단 달러 당에 상납…핵·미사일 개발에 사용종합
22667,설날 딱 하루 맑고 포근…밤부터 눈·비 귀경길 조심
22668,朴대통령 禹 수사의뢰 직접 언급할까…내일 각의 주재
22669,국고채 금리 대체로 상승…3년물 연 1.731%
22670,얼어붙은 영종도 갯벌
22671,여신협회 여신금융교육연수원 개원
22672,터키 올해 들어 분리주의 테러조직원 635명 무력화
22673,SK텔레콤 전국 54개 직영점서 실버세대 스마트폰 교육
22674,류현진 시범경기 마지막 등판 5이닝 4실점 3자책…패전투...
22675,미분양관리지역 지정 확대 지방 부동산시장에 부정적 영향
22676,미군 철수가 무너뜨린 힘의 균형…요동치는 중동정세
22677,돈 몰리는 힐러리 vs 쪼들리는 트럼프…선거자금 빈부격차종합
22678,골프·관광 회원제 글로벌 기업 제주 찍고 부산 진출
22679,문대통령 강정마을 사태 깊은 유감…사면복권 적극 검토종합
22680,국내 미투 보도 외국 비해 사회적 맥락 분석 부족
22681,금융서비스앱 토스 다운로드 2천만건 돌파
22682,김태년 정의당도 시대 뒤떨어진 규제혁신에 찬성할 것
22683,삼성·LG 스마트워치 격돌 임박…애플 독주에 도전
22684,전국 대체로 맑음…큰 일교차 주의하세요
22685,게시판 한성백제박물관 설연휴 마지막 날인 2월6일 무료행사
22686,롯데카드 모바일 상품권 판매 시작
22687,필리핀 외국 해양탐사선 영해 내 활동 전면금지…中 겨냥
22688,증선위 롯데칠성 등 4개사 회계 위반으로 과징금 등 제재종합
22689,특징주 호실적 대림산업 일부 엇갈린 평가 속 급락
22690,부친상에도 등판 강행한 기쿠치 5이닝 6실점 부진
22691,김연경 출전 한국태국 배구 올스타전 4월 8일 화성...
22692,한국회사 떠나는 이란 가전제품 시장 中이 대체할 것
22693,한강 내 소설 빛을 향하니 어둡지 않아
22694,北 접경지역에 탈북 방지용 적외선 카메라 늘려
22695,FIFA 2026년 월드컵부터 출전국 48개국으로 만장...
22696,과기부 과학장학생·국제올림피아드 대표단 교류 행사 개최
22697,제1회 남도 신재생에너지 국제포럼
22698,게시판 KIST 인도 학부생 대상 인턴십 프로그램 운영
22699,놀랍도록 편리한 LG V30S ThingQ
22700,유세차 버리고 페이스북 탄 안철수…국민 속으로종합
22701,프로야구 SK 최정·이재원 FA 협상 투트랙
22702,지카바이러스 공포…여행주 동반 내림세
22703,LG 차우찬 팔꿈치 뼛조각 제거수술…최소 4개월 재활
22704,터키 3달간 쿠르드노동자당 조직원 255명 무력화
22705,원숭이떼가 말레이軍 내부문서 강탈…경찰 곤혹
22706,푸틴 사우디 국왕에 러시아 희귀 매 선물
22707,UEFA챔피언스리그 본선 32개팀 확정…EPL 5개팀 참가...
22708,정부 세계유산위서 日에 군함도 약속이행 촉구
22709,문대통령 조국 국회 출석 지시…김용균법 연내 반드시 처리
22710,LG 스마트폰 신제품 V50S 씽큐 티저 열흘간 120만명 시청
22711,마이크로소프트 2세대 무선 디스플레이 어댑터 출시
22712,2018 추경 조선업 침체 경남지역 경기 회복 기대감
22713,MLB 휴스턴·양키스 ALDS 첫 승리…애틀랜타·워싱턴 N...
22714,포털 지역신문 차별 투쟁 나선 전대식 지신노협 의장
22715,日언론 韓 징용배상 중재위원 임명 않기로 방침 정해
22716,FC서울 세르비아 출신 스트라이커 마티치 영입
22717,프랑스 38세 친기업 경제장관 사임…내년 대선 출마 길 텄다종합
22718,도시화는 자본주의 과잉축적의 산물…속도 늦춰야
22719,SK텔레콤 충청 지역 폭우피해 통신망 복구
22720,이재명 조폭유착 의혹 보도 손배소 취하…허구성 이미 입증종합
22721,다저스 로버츠 감독 하퍼 만났다…서로의 조건 확인
22722,리켐 알이피로 상호변경
22723,국방부 한국 사드 구매설에 소문일 뿐 일축
22724,과도한 뇌 신경 활동 수명 단축할 수 있다
22725,이석수 특별감찰관 수사 의뢰에 대한 청와대 입장 전문
22726,이란 핵합의서 또한발 멀어져…6일부터 우라늄농축 가속
22727,국민 54% 개헌 필요…4년 중임제 선호 많아갤럽
22728,설전 벌이는 김종민과 장제원
22729,신간 꼬마빌딩 재테크
22730,학자 89명이 쓴 진화심리학 핸드북 번역·출간
22731,롯데·신세계 등 국내 유통 대기업 경쟁력 중미일에 뒤져
22732,北 김일국 체육상 남북 체육회담 하루 앞두고 방중
22733,밤낮 온도차가 1천도 넘는 다이아몬드 행성
22734,민주 의총 임종룡 경제사령탑 찬반 격론…지도부 위임
22735,北 남포항서 김정은 사용 추정 호화 요트 포착 RFA
22736,고효율 마찰전기 발전기 개발 연구원들
22737,NC출신 왕웨이중 ML복귀…에인절스전 2이닝 무실점
22738,국민의당 安 리더십 백척간두 위기 정면돌파하나종합
22739,신보 사회적경제기업 보증 올해 1천억으로 늘린다
22740,환노위 가습기 살균제 사건 질타…안방의 세월호사건
22741,갤노트8 주말 27만대 개통…시장은 불법 보조금 얼룩
22742,건조 특보 속 강원 인제·횡성·춘천서 산불 잇따라
22743,GM 국회와 협의 개시…한국에 남아 문제 해결하고 싶다종합2보
22744,印 모디 총리야권 총리후보 충돌…연방·주 수사기관 대립
22745,KT 미국 이동통신사 ATT와 5G 기술 협력 논의
22746,스마트폰 가격은 뛰는데… 작년 휴대전화 지원금 20% 감소
22747,제동 걸린 역대최고 분양가…HUG 나인원 한남 분양보증 거부종합
22748,마지막 여론조사까지 접전…이스라엘 총선 누가 웃을까
22749,신영석 폭발 현대캐피탈 대한항공 꺾고 선두 탈환
22750,여자배구 드림팀 떴다…태국과 올스타전 출격 준비
22751,그래픽 주요국 5G 스마트폰 도입률 전망
22752,강정호 3경기 만에 다시 홈런포…시즌 3호종합
22753,거짓 정보시대의 저널리즘
22754,발언하는 주광덕
22755,아리랑위성 3A호 촬영 영상 일반에 판매
22756,한국투자신탁운용 SM엔터 지분 6.65%→8.36%로 늘어
22757,신간 모든 것은 영원했다 사라지기 전까지는
22758,朴대통령 더좋은 쥐덫 비유들며 최고상품 팀코리아돼야종합
22759,민주당 제1차 공직선거후보자 추천 검증위원회 회의
22760,맨유 즐라탄 비난은 오히려 힘…중국행 난 도전이 필요
22761,심텍홀딩스 2분기 영업익 71억원…2.6% 증가
22762,美 엑손모빌 이라크 남부 유전에서 직원 전원 철수
22763,함께여서 다행…김해란과 이재영의 행복한 동행
22764,대테러 기밀 언론에 유출한 美분석관 기소…트럼프 정부서 6번째
22765,대형산불에 비상 걸린 그리스 EU에 지원 요청…비상사태도 선포
22766,1분기 은행 이자이익 10조원 육박…예대금리차 확대 영향
22767,中 안보리 새 제재 北에 사전통보…추가도발 자제요구
22768,KT 교육격차 해소 공헌 글로벌 멘토링 7기 출범
22769,유남석 신임 헌재소장 후보자 사법제도 개혁 적임자 평가
22770,개인 전문투자자 진입 문턱 낮춘다…잔고기준 5억→5천만원
22771,이스라엘 총리 이란이 매일 이스라엘에 사이버공격
22772,어 이 골대가 아니네 프로농구서 공격 코트 착각
22773,프랑스 노딜 브렉시트 대비 항만·공항 긴급자금 수혈
22774,감독 바꾼 C.팰리스 또 져 5연패…이청용은 결장
22775,潘風 내년초 상륙에 포스트 추석 빨라진 대권시계
22776,남자배구 현대캐피탈 새 외인 오켈로 영입…24일부터 출전
22777,朴대통령 정치도 시적으로 유재석 닮았네요…시작은 웃음꽃종합
22778,美민주 전대 클린턴 앞서 美정치계 유리천장 깬 흑인·여성 등 소수자들
22779,김태형 감독 허경민 아주 잘해주고 있어…깜짝 놀랐다
22780,한국 관광경쟁력 세계 19위…2년전보다 10단계 상승
22781,전국 수은주 영하권 뚝…움츠린 등산객·즐거운 스키어
22782,터키 시리아 접경 도시서 테러조직 가담 13명 체포
22783,이빨·털 생생…시베리아서 4만년 전 추정 늑대머리 발견
22784,中 중앙경제공작회의 폐막…내년 적극적 재정정책 펼칠 것종합
22785,홍준표 신공항 입지 밀양이 절대적으로 유리종합
22786,김수현 신임 청와대 정책실장 기자간담회
22787,이란 외무 현재로선 핵합의 이행 감축 3단계 고려
22788,특징주 나노 배출가스 규제 수혜 기대감에 강세
22789,알뜰폰 1위 CJ헬로 협회 탈퇴…망 도매대가 인하안 불만
22790,정치용 지휘 코리안심포니 첫 음반 발매
22791,레일리 첫승·번즈 2점포…롯데 LG에 위닝시리즈
22792,동양시멘트 작년 연결 영업익 470억원…27%↓
22793,더민주 광주서 1박2일 20대 당선인 워크숍
22794,문대통령 내일 방미… 악화일로 북미 중재 분수령
22795,망명중 정치활동 본격화하는 모랄레스…국경서 정당집회 열 것
22796,린드블럼 13승·김재호 쐐기포…두산 한화에 위닝시리즈
22797,NH투자 롯데하이마트 가전시장 침체에 부진…목표가↓
22798,트럼프 네거티브 광고 물량전에 바이든측 경계령 발동
22799,의무송출채널서 종편 제외…과기정통부 규제완화 추진
22800,安 DJ 정신 계승할 것…이희호 정권교체 역할기대
22801,D램익스체인지 中개입으로 모바일D램 가격 상승 완화될 수도
22802,남북미일중 정상급 평창리셉션 참석…펜스·김영남 악수 없었다
22803,U20월드컵 종가 잉글랜드 베네수엘라 꺾고 역대...
22804,정운천 농협 직원들에 0%대 황제대출…현금 줘 이자보전종합
22805,삼성전자 갤럭시 S9과 갤럭시 S9 전격 공개
22806,음란 동영상으로 위장해 개인정보 탈취 피싱 주의보
22807,5월 풍경
22808,4번 대신 6번타자 한화 김태균 전혀 안 서운하다
22809,게시판 KT 볼베어파크에 에어맵코리아 플랫폼 구축
22810,필라델피아 브루클린 꺾고 11연승…8명 두 자릿수 득점종합
22811,LGU 조사거부 개별 안건으로…방통위 첫 단독 처리종합
22812,신년사 문의장 개헌과 정치개혁 판가름 마지막 해 될 것
22813,러시아군 시리아 만비즈 순찰 시작…터키군 공격 저지 역할
22814,KT 이미지 통화연결 서비스 출시
22815,게시판 유진투자증권 하반기 경제전망 투자설명회
22816,갤럭시S8 오늘부터 예약판매…지원금 최고 26만4천원
22817,신간 모두를 위한 분배·간병살인 154인의 고백
22818,최승호 사장 부임 후 해임된 제주MBC 전 사장 손배소 승소
22819,루게릭병이 보인다…퇴행성뇌질환 유전자 원리 규명 첫걸음
22820,신간 중국의 군망제도와 한국의 본관제도 연구
22821,민주콩고 대선결과 발표 일주일 연기…정국긴장 지속
22822,알라딘 82년생 김지영 독서 릴레이 캠페인
22823,과거와는 달라진 靑 회동…허심탄회한 협치 토크 88분
22824,NBA 미네소타 타운스와 5년간 2천121억원에 계약 연장
22825,3년 만에 1부리그 뛴다…경남FC 승리 다짐 출정식
22826,신한카드 현대차와 가맹점 수수료 협상 타결
22827,당정청 아동수당 예외없이 주는 법안 정기국회 처리 노력
22828,이란 사우디 왕세자에 한발 앞서 아군 中 방문
22829,게시판 언론재단 미디어교육 전국대회 개최
22830,알리 28점 GS칼텍스 3연승으로 2위 도약종합
22831,금감원 금융교육 전문강사 연수자 모집
22832,메르켈 취임 후 처음으로 아우슈비츠 찾아 고개 숙여
22833,신간 뇌과학의 비밀
22834,정세균 제왕적 대통령제 때문에 이런 사태 벌어져
22835,망명한 태용호 駐英 북한 공사 가족과 함께 한국 입국3보
22836,에∼오 올스타전 달군 덕큐리의 보헤미안 서브
22837,게시판 KT 1등 워크숍 성과공유회 개최
22838,프로축구 부산 내달 4일 최다관중 돌파기념 어묵바 파티
22839,北 적들이 조금이라도 움쩍거리면 핵 선제타격할 것
