id	document
1	유튜브 내달 2일까지 크리에이터 지원 공간 운영
2	어버이날 맑다가 흐려져…남부지방 옅은 황사
3	내년부터 국가RD 평가 때 논문건수는 반영 않는다
4	김명자 신임 과총 회장 원로와 젊은 과학자 지혜 모을 것
5	회색인간 작가 김동식 양심고백 등 새 소설집 2권 출간
6	야외서 생방송 하세요…액션캠 전용 요금제 잇따라
7	월드컵 태극전사 16강 전초기지 레오강 입성종합
8	미세먼지 속 출근길
9	왓츠앱稅 230원에 성난 레바논 민심…총리사퇴로 이어져종합2보
10	베트남 경제 고성장 지속…2분기 GDP 6.71% 성장
11	그리스서 한국전 참전 기념식…참전용사 한반도 평화 기원
12	정진석 이정현 당현실 냉정하게 봐야…물러나는게 좋다종합
13	美 베네수엘라 구호품 반입 촉구 안보리 결의 추진
14	황재균 쐐기타…kt 갈 길 바쁜 삼성에 고춧가루
15	정상회담 D1 文대통령 취임 후 남북관계 주요 일지
16	LGU＋ 1분기 영업익 1천706억원…마케팅 비용 감소종합
17	박원순 시장 아부다비 루브르 박물관 방문
18	방심위 강릉서 고성 산불현장처럼 보도한 KBS 관계자 징계
19	파키스탄 경제난 속 카타르서 30억 달러 투자 유치
20	일본 예산팽창에 재정건전성 우려…내년에 장기채무 GDP 2배
21	칠레 민중가수 살해하고 미국 도피 전 군인 법정에 선다
22	日 온라인으로 중국인 비자신청 받는다
23	미 동부 마비시킨 악성 파일 국내서도 발견
24	국내 발간 나노분야 학술지 나노 컨버전스 SCIE 등재
25	5G 상용화 행정절차 완료…이통3사 내일 동시 전파 발사
26	예스24 독자들이 선정한 올해의 책 여행의 이유
27	이해찬 정경두에 안보지원사 기무사 같은 일 없도록 해야
28	미래부 17개 부처별 연구비관리시스템 2개로 통합한다
29	손흥민 더 승부욕 갖고 거칠게 해야…나부터 반성
30	SK텔레콤안양시 모빌리티·스마트시티 조성 업무협약
31	울산 오후 4시 건조주의보
32	기업들 日규제 직접 피해보다 수입 불확실성이 더 문제
33	日경제산업상 경제보복 비판여론에 언론이 제대로 이해못해
34	다시 포효한 황의조 3년 만의 A매치 골 집중력 유지한...
35	최근 5년간 공무원시험 응시 127만명…경제비용 수조원
36	트럼프 의회서 장벽예산 합의할 가능성 50% 이하
37	프리미어12 보러 온 MLB 최지만 저도 뛰고 싶었지만
38	베네수엘라 대통령 미국과 관계 복원 대화 재개 합의
39	朴대통령 울산 십리대숲·재래시장 방문…휴가 중 민생 행보
40	어빙 NBA 통산 1만 점…보스턴 동부 1위 토론토 제압...
41	월드컵 하나은행 대표팀에 행운의 2달러 200장 선물
42	라바리니호 아르헨에 설욕할까…이재영 동료 프레스코 경계령
43	제임스 떠난 NBA 클리블랜드 1승 10패…전체 꼴찌
44	디자인 역사의 기둥 100권의 잡지를 돌아보다
45	게시판 윌림 SKT 누구 플레이 개발 공모전서 최우수상
46	정성훈 15년 만에 친정 KIA행…기회 준 구단에 감사
47	전국 곳곳에 저녁까지 비·강한 바람…낮 최고 27도
48	朴대통령 대통령 단임제로 지속가능한 국정과제 추진 어렵다속보
49	8월 시중통화량 전년동기비 6.8%↑…증가세 확대
50	반민특위 임무 아직 끝나지 않았다
51	애플 퀀텀닷OLED 결합 차세대 디스플레이 특허출원
52	터키 에르도안 자국 외교관 겨냥 테러 비판…악의적 공격
53	朴대통령 내주 국회서 일정재개…여야 지도부 환담도 유력
54	CNN 트럼프 내부고발자 상·하원 정보위 출석 동의
55	미국 프로스포츠 커밍아웃 뒤 출전 1호 축구선수 로저스 은퇴
56	GSMA 통신사 인수합병 때 당국의 더딘 심사로 사업에 지장
57	美민주 전대 D1 힐러리를 만든 사람들과 가족
58	朴대통령 에티오피아 입맛에 맞아요…현지인들 잘 통해요
59	황사·미세먼지 기승 잿빛 주말…나들이객 줄어
60	신간 목양면 방화 사건 전말기
61	인니 항공당국 추락 보잉기 조종사 대화 보도 사실과 달라
62	석유왕국 사우디 태양광·풍력 발전 중심지 될 것
63	中환구시보 美 신미사일방어전략 북미 核담판에 도움 안돼
64	2022 AG 개최지 중국 항저우로의 초대
65	신간 책에 빠져 죽지 않기
66	집주인 매입임대주택 사업 23일부터 상시 접수
67	MLB 채프먼·헤이더 올해의 구원투수상 수상
68	눈물 흘린 MVP 말컹 2부 리거 향한 의구심 떨치려 노...
69	관훈클럽 65대 임원진 선임…11일 창립 61주년 기념식
70	태국에서 열린 삼성페이 론칭 행사
71	강풍·영하권 날씨…오후부터 비까지 내려
72	커지는 중국 기업 채무불이행 리스크…올해 또 최고치
73	한국관광공사 국내 숙소 체험기 모은 여행자의 방 출간
74	태풍 솔릭 접근…오후부터 제주 항공기 이착륙 어려울 듯
75	분리공시 놓고 이통시장 분란 조짐…LG전자 판 흔들기 통할까
76	MLB 파울볼 사고 2012년 이후 800건 이상 발생
77	금값 하락에 금펀드 수익률 추락…최근 한달 4.86%
78	작년 세탁기 분야 미국특허 LG전자·삼성전자 1∼2위
79	동탄2신도시 분양행복주택 건설에 민간 참여
80	게시판 KISA 제17회 KICT 정보보호대상 21일까지 접수
81	황총리 어떤 경우도 국가기능 안정적 유지속보
82	명성티엔에스·삼성스팩2호 코스닥 신규상장
83	경주한수원·대전코레일 내셔널축구선수권 4강 합류
84	짐바브웨 전 대통령 무가베 시신 영웅묘역 아닌 고향에 묻혀
85	국민의당 부산시당 발기인 대회 열려…26일 창당대회
86	메시 통산 4번째 유럽 골든슈 최종 확정…호날두와 동률
87	美전문가 협상없는 대북압박 안 통해…상호주의 필요종합
88	하나금투 내년 코스피 1900∼2400선 등락
89	더민주 원내대표 경선 6명 출마…내달 4일 선출종합
90	은행 점포 폐쇄때 고객영향 평가한다…불편 최소화대책 유도
91	프로농구 SK 현대모비스에 시즌 첫 패 안기고 2연승종합
92	아시안게임 이승우 멀티골 한국 축구 베트남에 3...
93	트럼프와 갈등 빚은 미 법무부 부장관 내달 사임
94	CNBC 미·중 무역협상 3월1일 시한 연장 가능성
95	독일 주독 北대사 후임 임명 동의 거부 RFA
96	창원 39사단 유니시티 1순위 청약에 20만명 몰려
97	北국방위 검열단 천안함사건 북소행설은 억지 주장
98	주요국 지도자 연봉은…오바마 4억4천만원·시진핑 2천만원
99	LG전자 휴대전화 국내 생산 중단…베트남으로 거점 이동종합
100	NHN엔터 3분기 영업익 295%↑…페이코 지속 성장종합
101	트레이드 성사한 잠실구장 두 사령탑 불펜 투수가 필요했다
102	통일농구 방북단 평양 교육시설 참관 후 오늘 귀환
103	팁 모아 기부…美 LA 음식점 고교생 종업원들의 선행
104	6·25전쟁 美 참전용사 추모벽 건립안 상원 통과 RFA
105	류현진 7이닝 무실점·ERA 1.45로 시즌 12승 눈앞
106	사우디 이라크 스포츠도시 건설에 1조원 지원
107	부산 남천동 벚꽃 개화 5일 만에 만발
108	나 중국 요원 아닌데… 트위터 英대학생 계정 차단 논란
109	카페24 상품촬영 전문 카메라앱 스토어카메라 출시
110	서울에 다시 오존주의보…도심·서북·동북권 발령종합
111	김석진 방통위 신임 부위원장
112	방통위 허위조작정보 자율규제 협의체 출범
113	게시판 전시공간 활성화 지원사업 프로그램 제공자 공모
114	IS 구호 존속에서 연명으로 바꿀 처지…사기 바닥
115	예스24 웹소설 공모전 대상에 요즘 것들의 연애
116	전북 톈진에 져 AFC 챔스리그 첫 패배…16강 확정 실...
117	첼리스트 양성원 12년만에 바흐 무반주 첼로 음반 녹음
118	평화당 정부·공공기관 특활비 전면폐지 당론 결의
119	게시판 KISA 사이버 보안 인력 양성 과정 교육생 모집
120	모스크바 비확산회의 개막…북미 대표 환영만찬서 짧게 대화종합
121	롯데카드 MLB 구단 이미지 적용 한정판 카드 출시
122	VR이 온다 가상현실 어디까지 왔나
123	野 개성공단 자금 북핵개발 사용 증거 공개해야
124	올해 최고 산업기술에 삼성전자 V낸드·LG디스플레이 OLED
125	태블릿PC 조작설 변희재 1심 징역2년…악의적 공격 반복종합
126	셀트리온헬스케어 987억원 규모 자기주식 취득
127	한국행 저울질했던 케이로스 이란 축구대표팀과 계약 연장
128	美 보잉737맥스 운항중단 장기화…여름 성수기까지 연장
129	KT 라인프렌즈 스마트폰에 데이터 제한 기능 추가
130	中 美의 홍콩 우산혁명 5주년 지지에 강력 비난
131	LG V30S 씽큐 둘러보는 권영수 LG유플러스 부회장
132	해양경찰청 헬기 18대 중 절반 야간 운항 불가능
133	北 김정은 대남도발 軍부대 왜 갔나…참수작전 맞대응 행보
134	北 美대선 앞두고 오바마 우리와 대결서 참패 궤변
135	케냐서 경비행기 추락…탑승자 5명 전원 사망
136	창원에 집중형 전기차 충전소 전국 첫 설치
137	선거연령 18세 인하 쟁점화…여야 대표 시기 충돌
138	5월 11일 동학농민혁명 기념일 지정된다…국무회의서 의결
139	삼강엠앤티 243억원 규모 해양구조물 공급계약
140	노트 마니아층 사로잡았다 갤노트FE 초반 인기몰이종합
141	게시판 U골프 프로골퍼·연예인 스크린골프 대회 중계방송
142	경남도 네이버 모바일뉴스에 지역 언론사 포함 공식 요청
143	게시판 서울시청 하늘광장 갤러리 내년 전시작가 공모
144	소리꾼 장사익 모스크바서 단독 콘서트…현지 관객 큰 호응
145	아프리카돼지열병 파동에 中 돼지고기 수입량 76% 급증
146	베트남에 한국비자신청센터 개소
147	테라젠이텍스 200억원 전환사채 발행 결정
148	대학교수 등 연구책임자 행정 부담 덜어준다
149	내일날씨 제주도·영동 아침까지 비…동해·남해 풍랑 주의
150	가축분뇨 관리센터 방문한 환경부 장관
151	野 전경련 어버이연합 뒷돈 지원 의혹 국회 진상조사
152	유튜브 1분 넘는 광고도 소비자가 주목한다
153	북미정상회담 기대감…원달러 환율 7.8원 급락
154	방러 문대통령 한반도 비핵화 지지호소…新북방정책 구체화
155	英 총선 D1 주요 정당 대표들 막판까지 지지 당부 총력전
156	문화재청 문화재에 깃든 100년 전 그날 개최
157	경찰 축구대표팀 달걀 봉변 수사 않기로…처벌 불원
158	문학단체들 블랙리스트 실행한 공공기관장 사퇴하라
159	사이버위기대응 훈련 참여기업 악성코드 감염률 작년보다 5배↑
160	심야의총 한국당 본회의 강행시 모든 방법으로 저지종합
161	KTB투자 증시 추가 하락 우려…저점 매수 시점 아냐
162	교복 치마는 무릎 위 5㎝ 찢청 금지…여중 용의 규정 논란
163	신간 일본 초격차 기업의 3가지 원칙
164	베이브 루스 500홈런 배트 경매 나왔다…67억원 기록 넘을까
165	러츠 25점 GS칼텍스 도로공사 꺾고 2연승…선두 도약
166	신간 미래의 단서·내가 알던 그 사람
167	신년담화·회견 美 전략자산 추가전개 시점은
168	대경기계기술 삼성엔지니어링 143억원 플랜트 기자재 수주
169	그래픽 제조업 평균 가동률 추이
170	구조선 철수하는 지중해…유엔 피의 바다 될 것 경고
171	SK증권 광동제약 3분기 실적 호조 전망
172	밀양 규모 3.5 지진에 부산 피해 신고 없어
173	언론노조 지역신문발전기금 삭감 대통령 공약 위배
174	현대차투자 종근당 올해 양호한 외형 성장 지속
175	시와 만화가 만났다…만화시편 구체적 소년
176	미 터키에 F35 인도 절차 조만간 중단할수도
177	법조 기자들 PD수첩 방송 현실과 거리 먼 왜곡 성명
178	지붕 없는 미술관 울산 신화마을
179	靑 북한 핵·미사일 동향 예의주시 중
180	방정오 측 PD수첩 장자연 보도는 특정인 망신주기
181	손흥민 4경기 연속골 폭발…토트넘 20 승리종합
182	아파트 거래 절벽에 부산지역 가계대출 감소
183	MLB 최초 파울볼 안전망 확대설치 화이트삭스에 찬반양론
184	한국투자 한국전력 내달 정책 불확실성 해소
185	옐리치 올스타 홈런더비 불참…대체자는 맷 채프먼
186	부동산캘린더 봄 성수기에도 차분한 분양시장
187	영장심사 출석 임종헌 묵묵부답
188	매트릭스 랜섬웨어의 협박 메시지
189	신간 뮤지엄 X여행
190	6년 만에 완투 이용찬 100개 안 넘기고 던져 기쁘다
191	언론소송 중 인터넷 매체 비중 3년 연속 50% 넘어
192	자금세탁방지기구 북한과 거래에 특별한 주의 권고
193	MWC 2018 삼성의 AR 마법 갤럭시S9 언팩
194	선진국의 쓰레기장 될 수 없다…인니 폐기물 수입 규제 강화
195	탈북민 하나원 교육생들 취약계층에 봉사활동
196	정부 편안하게 여행할 수 있는 관광복지 사회 위해 지원
197	北 최부일 직책 인민보안부장→인민보안상 변경
198	게시판 한국거래소 코넥스 합동 IR 콘퍼런스 2223일 개최
199	예스24 영어학습서 40대가 가장 많이 산다
200	KT 온라인 휴대폰 주문 시 음성 안내 제공
201	국제 원자재 가격 경제에 미치는 영향력 감소
202	감독에게 달려들었던 데이비스 대화로 풀었다
203	리비아 통합정부 트리폴리 공습에 다른 아랍국가 개입
204	평양정상회담 백화원 영빈관 도착한 문재인 대통령
205	반환점 돈 V리그 여자부 시청률 1 돌파…남자부 추월
206	봄의 끝자락 정동 옛길 거닐며 추억 쌓기…정동야행
207	프로농구 DB 삼성에 설욕하고 4연패 탈출
208	프로축구 K리그1 유료관중 소폭 상승…평균 5천445명
209	반전 꿈꾸는 하위권 삼성·DB 휴식기를 도약 발판으로
210	보릿고개 무사히 넘긴 삼성 스마트폰…2분기 약진 예약
211	안심대출 주택수 산정때 지방 노후·소형 단독주택 뺀다종합
212	KT 지난해 흑자 전환…3년 만에 1조원대 영업익종합2보
213	대한민국만화대상 웹툰 마음의 소리 조석 작가
214	통신공룡들의 엇갈린 베팅…ATT TV vs 버라이즌 인터넷
215	코디 53억원 3자배정 유상증자 결정
216	삼성 갤S8 붉은 화면 불량 아냐…최고 판매량 목표종합
217	英 인도양 차고스제도 모리셔스에 반환하나…유엔도 압박
218	KT 화재로 조촐해진 세계 첫 5G 상용화…통신3사 간담회 연기
219	朴대통령 평화통일 향해 더욱 큰 발 내딛는 한 해 돼야
220	도난분실 휴대폰 국제블랙리스트 등록…해외 불법사용 차단
221	중국군 젠20 전투기 등 주력 전투장비 첫 발표종합
222	신간 멍 때리기의 기적·젊은 음악가를 위한 슈만의 조언
223	여자축구 대표팀 3월 포르투갈 알가르베컵 출전
224	UCI 김병양 대표 대상 20억원 규모 유상증자
225	KT 양양 서피비치서 5G 액티비티 선보여
226	김인식 감독 류현진 휴식 필요해 보여…차분하게 바라봐야
227	LG유플러스 G7 씽큐 11일 예약판매 시작
228	KBS 휴스턴영화제서 위안부 다큐 등 전 출품작 수상
229	빌 클린턴 헛발질 오바마케어 가장 미친 것…대선쟁점 부상종합
230	지난주 광물가격 전반적 상승…中 경기부양 기대감
231	신임대사 신임장 수여식 참석하는 문 대통령과 강경화 외교장관
232	천정배 기득권 패권탐욕 견제하고 상생협력시대 열 것
233	최우수→우수 강등 충장축제…청바지로 갈아입고 리빌딩
234	홍용표 개성공단 자금 핵·미사일에 사용…확보한 자료는 뭔가
235	쿠르드족 시리아인 남성 유엔난민기구 앞서 분신
236	멕시코 뷰티 유튜버도 반한 韓화장품…K뷰티 중남미 공략 가속
237	kt 박세진 2⅔이닝 5실점…2경기 연속 조기 강판
238	꽃길처럼 안전한 환경 바라는 노동자들
239	국내최대 성매매 사이트 밤의 전쟁 뒷배 경찰관 구속
240	경동나비엔 4분기 영업익 98억원…6% 감소
241	첼시리버풀 분데스리가 오바메양 영입 줄다리기
242	MLB 다저스 홈런 3방으로 샌프란시스코 완파…뷸러 5이...
243	게시판 현대건설남동발전 해외발전사업 양해각서
244	두 대통령 마두로·과이도 충돌…대화 용의 vs 가짜 대화종합
245	넷마블 신작 킹 오브 파이터 올스타 내달 9일 출시
246	中 왕이 한반도 핵문제 관건적 시기…대화 견지해야
247	무관의 제왕 김정은 데뷔 12년 만에 첫 우승에 MV...
248	日언론 北 2016년 제시한 경제발전전략서 中의존 탈피 명기
249	朴대통령 노동ㆍ경제법 1월국회서 반드시 처리해야
250	러 푸틴김정은 회담 긍정 자평…美 외교실수 수정한 회담
251	트럼프·엡스타인 1992년 마러라고서 여성 20여명과 파티
252	LG와 만나는 김태형 두산 감독 지금은 이기는 게 목표 아냐
253	한신평 CJ·이랜드·한진 수익성·재무안전성 악화
254	라바리니 감독 올림픽 본선 진출 목표…한국 공부 중종합
255	프로배구 한국전력 KB손보 꺾고 탈꼴찌…가빈 45점 원맨...
256	페덱스 또 화웨이 배송사고…中매체 블랙리스트에 올려야
257	피닉스 NBA 최초로 非북미 출신 코코스코프 감독 선임
258	터키 통제 시리아 북서부서 폭탄 테러…최소 8명 사망
259	아시아나 항공 매각 질문 받는 최종구 위원장
260	WTO 에어버스 불법 보조금 EU 겨냥한 美 보복관세 권리 재확인
261	퇴장 공방 전북 제주 꺾고 신바람 6연승 행진
262	브라질 메르코수르 대사급 위원회 공동운영 제의
263	특급열차 탄 빅데이터…성능 33% 향상 고속 전송기술 개발
264	교양만화로 돌아온 윤태호 지적호기심 강한 시대에 맞는 만화
265	허영만 1970년대 초기작 세 점 초판본 재현해 출간
266	강원도민일보사 김중석 사장 재선임종합
267	입김 불면 색 변하는 필름…위조방지에 적용
268	영불해협 페리선에 불법 이민자 수십명 난입…경찰 수색 소동
269	지나치게 현실적인 마차도 지구 우승은 어렵죠
270	올림픽 7시간 손에 쥔 한반도기…조선총련 응원단 속초 도착
271	英 메이 잔류·탈퇴파 통합 내각 준비…브렉시트부 신설종합
272	성신양회·GS글로벌 미얀마 시멘트부두 추진…해수부 지원
273	갤럭시노트7 교환·환불 내년 1월말로 한 달 연장
274	국내 최장 150m 파주 감악산 출렁다리 완공
275	北매체 중거리 탄도미사일 발사 보도 아직 없어
276	황창규 회장 KT 기가 지니 에코·구글홈보다 낫다
277	신간 우리 시대의 한국고대사·양손잡이 민주주의
278	최순실 없는 최순실 청문회 우려…핵심 증인들 출석 불투명종합
279	A.마드리드 그리즈만 맨유행 확정설 부인
280	트럼프 국경방문 앞두고 멕시코 북동부서 시신 21구 발견돼
281	유은혜 부총리 일제 식민지 피해 실태와 과제 심포지엄 참석
282	美제재로 외국회사 떠난 이란…국내 회사가 유전 개발
283	링크트인 中 인권운동가 프로필 삭제했다가 여론 비난에 복원
284	英 브렉시트 합의안 승인 보류에 EU 향후 조치 알려달라
285	트럼프 셧다운 직격탄에 평균 국정지지도 38%…72년來 최저
286	文대통령 중앙亞 3국 순방 종료…귀국길 올라
287	클럽메드 말레이시아 단체 휴가 상품 할인 이벤트
288	긴장감 도는 검찰
289	한국시인협회 회장에 윤석산 시인 취임
290	울산 KT온산지점서 불…인명피해 없어
291	KAIST 이사회 신성철 총장 직무정지안 결정 유보1보
292	조현오 장자연 사건 수사 때 조선일보 간부가 협박
293	현대차그룹 축구꿈나무 FC아트드림 2기 발대식 개최
294	베네수엘라 전 군정보기관장 카르바할 스페인서 투옥
295	월드컵 티켓 확보 대륙별 경쟁…아시아 최소 7장될 듯종합
296	조국 민정수석과 박상기 법무장관
297	미·EU 무역갈등 고조 속 獨 경제장관 미국 방문길 올라
298	통일 언론상에 SBS스페셜 84년생 김정은과 장마당 세대
299	SBS 드라마본부 드라마 분사 보류 또다른 구조조정
300	KGP 정보보안 소프트웨어 업체 인수
301	김재원 3년 평균 인구案 양심도 없어…호남부터 의석 줄여야
302	朴대통령 반기문 지지율 질문에 국민께 물어봐야
303	암세포 낳는 암줄기세포 생존법 새로 발견
304	트럼프 라이언의 사악한 거래 밝힐것…일부 다시 트럼프로
305	北 서방에 백두산 연구 먼저 제의…과학외교 활발
306	더민주 朴대통령 실현불가능한 공약한 셈…납득할 설명해야
307	신간 걸프를 알다
308	직원 손으로 사장 내보내는 YTN 정상화 과제는
309	DLF 사태 판매은행에 민·형사 책임 모두 물어야
310	한미 FTA 정상 공동성명 서명후 인사하는 한미 정상
311	日언론 한국의 비너스 이민아 일본 여자축구에 위협적
312	네이처 표지논문 시간 결정이란 무엇인가종합
313	프로농구 선두 DB 오리온에 역전승…2위와 격차 벌려종합
314	키움증권 日화이트리스트 배제 석유·화학 영향은 제한적
315	모바일 지갑 클립 리뉴얼…맞춤형 추천 기능 추가
316	네이버 자율차 첫 공개…자동차 사업 계획 없다종합2보
317	예스24 우리가 사랑한 24인의 작가들 부산서 전시
318	아기상어 변신한 류현진 트레이너·통역과 뚜루루뚜루
319	게시판 랜섬웨어 침해대응 얼라이언스 결성
320	추미애 드루킹 뿐 아닌 댓글조작 세력 철저히 수사해야
321	센터 활용도까지 높인 대한항공 1승만 더하면 첫 챔프...
322	필리핀 남중국해 섬 공사에 中 군함·어선 해상 인해전술
323	우리금융지주 한국거래소 신규 상장
324	조작 의혹 벗겠다…네이버 실검 순위변동 공개
325	당정 2022년까지 산재 사망 절반으로…국민생명 3대 의제 논의
326	2018 방송통신위원회 방송대상
327	예탁원 비통일규격주권 6만4천320주 교체 신청받아
328	갤럭시S8 정식 출시합니다
329	러시아 미사일 美 본토 겨냥 푸틴 발언 두고 러서방 공방
330	프로배구 챔프전 앞둔 박기원최태웅 감독 1차전에 총력전
331	안랩 V3 모바일 시큐리티 350만 다운로드 돌파
332	박영수 특검 좌고우면 않고 법과 원칙 따라 수사
333	美 2분기 산업생산 1.2% 감소…무역갈등 역풍
334	증시 부진에도 자사주 공시 약발…남용은 경계해야
335	朴대통령 경제 이상징후 감지되면 선제적 안정조치
336	코스피 미국발 악재에 또 급락…2360대로 털썩
337	개인정보 대량 이용 홈피·O2O 등 97% 보안 취약
338	차기 금융투자협회장 후보 등록 마감…4명 도전장
339	영국 재활용 부지내 구조물 벽 붕괴로 5명 사망
340	강추위 속 충남 서해안 눈…보령·서천 대설주의보
341	갤러리 그림손 10주년 기획 채성필 개인전
342	현대모비스 3연속 100점대 대승…삼성 만난 라건아 39점
343	대부업으로 몰린 300만 한계차주에 연간 1조 긴급자금 대출
344	1위 팟캐스터가 쓴 교양서…클래식과 친구로 만들어드립니다
345	내일 오전까지 충청·호남 또 많은 비…호우특보 가능성
346	3분기 ELS 발행액 17조9천752억원…전분기보다 35.3% 감소
347	샌더스 힐러리와 조만간 만날 것…협력 모색2보
348	코스피 외국인 매도에 찔끔 하락…2476.11
349	펜스 美부통령 터키 北시리아서 5일간 휴전 합의
350	부동산캘린더 수도권 분양물량 풍성…견본주택 10곳 오픈
351	대림씨엔에스 2분기 영업익 159억원…1.3% 감소
352	美 캄보디아에 중국군 주둔 우려 거듭 제기
353	홍콩에 중국경찰 투입 시 체포자는 中서 재판받을 것
354	이란 탄도미사일 개발은 협상 대상 아냐 재확인
355	인공지능에서 구글과 경쟁하려면 데이터 확보 중요
356	가을아 거기 서라…단풍맛 좀 보자 전국 유명산 북적
357	10대 주축 일본에 역전패…한국여자배구 결승 진출 실패
358	인천국제공항 10월 상설공연 개최
359	나노스 새만금 부지에 전기차 공장 설립 MOU 체결
360	미니 슈퍼화요일 힐러리·트럼프 플로리다서 승리 연설
361	박기수 신임 TBN 광주교통방송 본부장 취임
362	SKT·LGU·NIPA 중소기업 5G IoT 기술 지원 협약
363	나치 희생자 기억하자…7만5천개째 슈톨퍼슈타인 설치돼
364	하나금융 3분기 순익 8천360억원…전분기 대비 27%↑
365	유럽의회 2021년 4월부터 서머타임제 폐지 법안 가결 처리
366	KT 기가지니로 아이스크림 주문…SPC 해피오더와 연동
367	삼성 갤럭시S9 중국 내 신제품 중 가장 우수 평가
368	액티브X 고통에서 벗어나자…오늘 제거법 설명회
369	인민에서 국민으로…38선 이북 수복지구는 어떻게 변했나
370	올림픽 예선 출격 앞둔 남자배구 대표팀 실전 점검 순조
371	SK텔레콤 V50 ThinQ 판매 시작
372	KT GEPP 가나 출시
373	박 대통령 TK 초ㆍ재선 11명과 사드 민심 면담
374	학교비정규직 파업 이틀째 도시락 먹는 학생들
375	北 나흘에 한 번꼴 국제행사…제재 끄떡없다 선전용
376	오후 들어 한파 주춤…서울 닷새만에 한파특보 해제
377	우병우 정운호 몰래 변론 의혹은 찌라시 수준 소설종합2보
378	北 ICBM 재진입체 시험 초기 단계로 추정…전문가 분석
379	바르셀로나 벤피카 라이트백 세메두 영입 사실상 확정
380	미 성탄절 쇼핑 시즌 아마존 알렉사 앱 최고 인기
381	10살 때 폭동 선동…사우디 시아파 18세 소년 사형 위기
382	비에이치아이 작년 연결 영업손실 423억원…적자전환
383	경기도 문화유산 구글 컬처럴 인스티튜트에 선보여
384	전문 文대통령 인터넷은행 규제혁신…고인 저수지 물꼬 트는 것
385	광주에서 이어진 세계기자대회…5·18묘역 참배
386	과기부 한국유럽연합 연구시설 정보 제공 플랫폼 개통
387	에넥스텔레콤 기본료 0원 요금 나흘만에 5천명 가입
388	세계적 팝스타 스팅 5월 이태원 소극장 무대 오른다
389	다음에 다시 만나요…아리스포츠컵 북한 선수단 출국
390	아프리카 말리 테러로 군인 38명 피살…지하디스트 소행
391	공간에 겹쳐 새긴 역사와 기억…서효인 시집 여수
392	중국 전력굴기…브라질 전력회사 지배지분 2조원에 인수
393	5G 시대 융합보안 강화방안은
394	中 정협위원 남중국해 분쟁지역에 조세회피처 조성하자
395	시진핑 경제정책 비판론 확산하나…中 저명 경제학자도 반기
396	기술확보·인재육성…정부 4차산업혁명 대응방향 발표
397	아스널 벵거 감독 뮌헨전 대패로 비난 여론 증폭
398	온라인·106 신규가입 프로모션
399	국민의당 광주선언은 억지사과…컷오프배제자 틈새공략도
400	박항서 감독 한국 축구 새 감독 오고 나서 동기 부여된...
401	리커창 中경제 6% 이상 성장 지속 매우 쉽지 않아종합
402	홍남기 부총리 출입기자단과 간담회
403	겨울아 반갑다…용평·휘닉스 평창 스키장 17일 첫 개장종합
404	친미 사우디도 美 골란고원 이스라엘 주권 인정 반대
405	여자배구 현대건설 실업팀 양산시청에 31 신승…찝찝한 승리
406	반세기 꿈 베네치아 자치권 획득 또 좌절…주민투표 부결
407	日 아베 이란 방문 전 이스라엘 총리와 통화
408	정세균 국회의장 3당 원내대표와 회동
409	뉴질랜드서 갤럭시S8 큰 스크린이 좋아 호평
410	이영택 KGC인삼공사 감독대행 축하인사 불편해
411	골 넣는 수비수 전북 김민재 K리그1 3라운드 MVP
412	KT 경북대학교서 청춘해 개최
413	김소니아 더블더블…우리은행 시즌 10승 고지 선착
414	연합뉴스·대한응급의학회 응급환자 살리기 공동캠페인 개시
415	토트넘 인종 차별 관중 끝까지 찾아낸다…CCTV 경찰에...
416	한미 공군 北핵시설 정밀타격 훈련한다…레드 플래그 돌입
417	옐리치 30홈런 선착…MLB 월간 홈런 1천142개 신기록
418	게시판 미래에셋대우 22일 전국 동시 WM 자산관리세미나
419	MLB 양키스 부상자명단 최다 신기록 수립…29명째
420	낮 최고 19도 날씨 따뜻해져…중부 밤늦게 비 조금
421	2강 구도를 깨다 한화 4연승 행진…3천658일 만에...
422	테리 45점…인삼공사 트레이드 상대 kt 꺾고 메리 크...
423	獨 美주도 호르무즈 호위 연합체에 참여 안해종합2보
424	北 북한인권법·테러방지법 국회통과에 중대도발 주장
425	北 닷새 만에 또 새로운 숫자로 난수방송
426	정의당 당권경쟁 심상정·양경규 2파전…내달 13일 새대표 선출
427	朴대통령 케냐 어린이 만나 체조하면 건강해져요종합
428	제30회 차범근축구상 13명 선정…26일 시상식
429	대통령 퇴진 4개월째 시위 수단서 저항의 상징 여성 눈길
430	SK이노베이션 2분기 영업익 1조1천195억원…12%↑
431	北매체 외부 지원 없어도 좋아…또 중국 겨냥
432	특징주 금융시장 출렁…금융·증권주 줄줄이 52주 신저가종합
433	카탈루냐 독립 초읽기…30일 마드리드지로나전 연기될 수도
434	게시판 KT엠모바일 여름 휴가철 여행·레저 프로모션
435	개막 5연승 돌풍 부천 정갑석 감독 K리그 3월의 감...
436	사표 내고 떠나다…퇴사자 여행에세이 인기
437	2승 3패 두산 반격의 필요조건은 안정된 수비
438	돌풍 박주민 거리의 변호사서 1등 與 최고위원으로
439	민주 새 대표에 이해찬…최고위원 박주민·박광온 등 5명3보
440	백원우 김기현 첩보이첩 단순 행정처리…檢정치적 의도 의심종합
441	한미약품 먹는 유방암 치료제 오락솔 美 임상 3상 본격화
442	금감원 홈페이지서 즉시연금 분쟁조정 신청받는다
443	FA 류현진 다저스 떠날 수도…디애슬레틱 등 현지 매...
444	국립극단 연출의 판작업진행중 쇼케이스 이달 시작
445	정운찬 전 총리 차기 대선 출마 가닥
446	KT 캠페인 기부금 1천만원 월드비전에 전달
447	KBS교향악단 말러 9번 DG 레이블로 발매
448	코바코 화이브라더스·카카오페이지와 웹툰스토리 공모전
449	외국인이 가장 먹어보고 싶은 이색 한식 1위 산낙지
450	운동권 대 MB비서관 출신…광주서갑 2野 대결 관심
451	GS건설 주상복합아파트 은평스카이뷰자이 분양
452	완전무장 퇴근길 모자 필수
453	SK머티리얼즈 2분기 영업익 408억원…7.7% 증가
454	주목 이 종목 삼성전자·아모레퍼시픽·GS건설
455	애플 중국에 꿇었나…만리방화벽 우회앱 자율삭제
456	NH투자 스튜디오드래곤 이익 증가 둔화 예상…목표가↓
457	페널티킥 갈등 겪은 네이마르 몽펠리에 원정명단 제외
458	일문일답 케빈 마틴 페이스북 부사장
459	단통법 무용론 다시 고개…고액 지원금 불법 딱지 뗄까
460	신간 데리다와 문학·과로 자살
461	켈리 7이닝 10K 2실점 쾌투…SK 한화전 8연승
462	LH 국민임대주택 1만4천여가구 예비입주자 모집
463	신간 아버지와 살면·홍세화의 공부
464	SPP조선 인수 우선협상대상자로 SM그룹 선정
465	분양심사 늦어지는 나인원 한남 하루 이자비용만 1억8천만원
466	朴대통령 7일만에 김현웅 사표수리…최재경은 보류종합
467	현대상선 2분기 영업손실 2천543억원…적자 지속종합
468	벌써 8승 KBO리그 때보다 빠르다…류현진의 엄청난 승리 사냥
469	北 문화예술인에 명작창작 독려…모란봉악단 본받아야
470	밤샘 줄서기 단 1명…예전같지 않은 아이폰8 열기
471	사드보복에 유커 발길 뚝…2분기 여행수입 6년 만에 최소
472	SNS돋보기 자녀와 떨어져 홀로 사는 노인 증가…안타까운 현실
473	82년생 김지영 일본어판 3개월만에 13만부
474	프로농구 DB SK에 패하고도 6년 만에 정규리그 제패...
475	KIA 호남지역 초등학교 야구대회 개최
476	獨 언론 극우 AfD 의원 러시아로부터 통제당해
477	레이커스 NBA 성탄 매치서 골든스테이트에 완승
478	두산그룹 성남 분당에 두산분당센터 짓는다
479	두차례 발사 연기된 차세대소형위성 내일 새벽 발사
480	정보통신서비스 사업자 유출 개인정보 7년간 7천428만건
481	도로공사 앳킨슨 무릎 부상으로 아웃…테일러 쿡으로 교체
482	남성 4인극으로 재해석한 로미오와 줄리엣
483	KB금융 글로벌인프라펀드 5호·6호 투자계약 체결
484	日언론 文대통령 역사 문제 언급 자제…대일 비난 억제종합
485	나경원 오만한 국민 패싱 선거법 철회해야
486	英연구팀 물담배 피우면 당뇨·비만 위험 커져
487	이란 혁명수비대 석유 밀수 시도 외국유조선 억류
488	朴대통령 北정권 공포정치로 주민의 삶 지옥으로 몰아
489	신고·규제에 스팸 메일 32% 줄었다
490	8번타자 추신수 시범경기 2타수 무안타 1볼넷 1타점
491	멕시코 중부 송유관 폭발사고 사망자 134명으로 늘어
492	영상 미혼남녀 절반 이상 결혼 NO 동거 OK
493	대구 예비후보 의정보고회 금지 가처분 신청
494	오후 들어서도 전국 온통 꽁꽁…올겨울 첫 한파경보
495	장신세터 김명관 느린 성장 속도 내 경쟁력 됐다
496	인권단체 北종교 자유침해 영상 8개국어로 제작
497	美의 비핵화 주도 요청…文대통령 포스트 북미회담 중재 주목
498	베네수엘라 국경서 원조반입 놓고 충돌…2명 사망·31명 부상종합
499	방북 IPF 자문위원장 북한 15∼20년후엔 또다른 싱가포르 될것
500	미래당 오신환 사보임 갈등
501	美폭격기 B1B 8일만에 한반도 재출격…김정은 겨냥 고강도 압박
502	블랙홀 생성비밀 풀어줄 중력파 3개 검출기서 첫 동시관측
503	이대호 3경기 연속 결승타…롯데 넥센 꺾고 5위 추격
504	기활법은 한국경제 위기극복을 위한 기회
505	한국 언론의 사표 송건호 흉상 옥천 생가에 세운다
506	대체공휴일 확대…외국인 관광객 비자발급 간소화
507	무역위 스마트폰 발광 케이스 특허침해 조사
508	셰크먼 호기심 분야 꾸준한 연구가 노벨상 비결
509	인스타그램 사용자 관심 반영한 동영상 추천 기능 추가
510	한경연 일자리 창출 위해 기업도시 2.0 추진해야
511	현대차증권 2분기 영업이익 414억원…232% 증가종합
512	황창규 KT 회장 5G 속도로 글로벌 1등 도전
513	北 제7차 당 대회 독려…역사적 분수령으로
514	마산문신미술관 조각가 문신 1960년대 작품 기획전
515	한국당 서울교통공사 사장·노조위원장 고발…감사결과 거부
516	5G 시대 스마트제조혁신과 융합보안 세미나
517	그래픽 주식형펀드·채권형펀드 설정액 추이
518	요금할인율 25% 분란속 강행…이통사도 기존약정자도 불만
519	홍영표 일자리 으뜸기업 방문…고용창출 격려
520	금감원 이어 공정위까지…정부기관 사칭 악성메일 기승
521	美中무역전쟁 해결 기대에 원달러 16원↓…22개월만에 최대낙폭종합
522	키움증권 3분기 영업익 795억원…83% 증가
523	착한기업 투자 SRI 펀드 인기…석달간 약 500억 유입
524	화재·폭발 위험 없는 리튬전지용 고체 전해질 개발
525	與 옥새행방 설전…당사에 없어vs당사에 존재
526	평창올림픽 바가지업소 다 잡아낸다…칼 빼 든 강원도
527	이정현 당대표 취임후 첫 호남방문…금의환향
528	여야 3당 원내대표 회동…30일 본회의 처리 법안 논의
529	고려대 조국 법무장관 사퇴 촉구 촛불집회
530	카오스의 저자가 말하는 정보에 관한 거의 모든 것
531	우리들제약 타법인 증권 취득 목적 50억원 편성
532	게시판 NH투자증권 25·26일 100세시대 아카데미
533	SK네트웍스 작년 영업익 1천382억원…3% 감소
534	프로농구 kt 20182019시즌 슬로건은 붐 업
535	유럽증시 옐런 신중한 금리 발언에 상승 출발
536	한국당 이틀째 국회 보이콧…정우택 대표연설 취소
537	애플의 등에 매달린 원숭이 아이폰 판매 대수
538	9개월 만에 돌아온 박주호 내 경기력 남들이 평가해주실...
539	탕평채 놓고 협치 탐색한 여야정…웃으면서도 할말 다했다종합
540	2달러에서 140달러까지…롤러코스터 유가의 역사
541	현대상선 한진해운 대체선박 13척 투입…비상경영체제 돌입종합
542	북미정상회담 트럼프김정은 첫 만남 시청률 31.02％종합
543	평양정상회담 만찬장 향하는 문 대통령
544	중소기업에 고부가가치 전파기술 전파해요
545	나토 창설 70주년 맞아 3 4일 워싱턴서 외교장관회의 개최
546	네이버 모바일 첫 화면 개편… SE 검색과 유사
547	온라인대출정보연계 대부업 대출잔액 15% 증가종합
548	영상 엄마 욕 듣고 관중에게 공 던진 NBA 선수 퇴장
549	임박한 개각…송영무를 어떻게 할 것인가 최대변수
550	정규리그 우승 일궈낸 이상범 감독 3월 초 2연패 당한 ...
551	北 인민배우 주창혁 사망…김정은 조화 보내
552	두산 오재일 1루수로 선발 출전…좌익수는 정진호
553	하나금투 삼성전기 3분기 기대 이하 실적…목표가↓
554	황교안 文대통령 국민에 대한 선전포고…명백한 검찰 겁박
555	페이스북 분기매출 47% 늘었지만 불투명한 미래에 주가 하락
556	122석 똑같은데 제1당은 어느 당…새누리당이 제1당 결론
557	朴대통령 남북관계 중대고비…국민 힘모아야 한반도 비핵화
558	프로농구 최진수 농구선수 첫 아너소사이어티 가입
559	출판진흥원 KPIPA 오디오북센터 개소
560	월드컵 유럽 챔스리그 결승전 주심 한국멕시코전 맡는다
561	국내 주식형 펀드서 14거래일째 자금 순유출
562	당정 檢특수부 인력 등 활용해 형사·공판부 충원 검토종합2보
563	홍보비 파동 김수민 2주만에 등원…질문세례엔 묵묵부답
564	MLB 다저스 홈런 3방·16안타 치고도 SF에 진땀승
565	배틀그라운드 모바일 욱일기 아이템 사과…회수·환불
566	월드컵 미안하다는 말 반복한 손흥민 울지 않으려고...
567	올해 민주언론상에 SBS 삼성 관련 연속 보도
568	브렉시트 투표 젊은층 투표율 높으면 잔류 유리
569	LG전자 스마트폰사업 10분기째 적자…3Q 영업손실 3천753억
570	민간자본 유치 도시공원 조성…카페 등 수익시설 허용
571	대만 진먼다오 바라보는 중국인
572	삼성 美 하만 9조4천억원에 인수…역대 최대 MA 빅딜종합3보
573	檢 정호성 최순실에 문건 180건 유출…올해도 6건 넘겨종합
574	문 대통령 개헌의지 역설…국회 개헌논의 어디까지 왔나
575	KB금융 작년 연결 영업익 4조160억원…139%↑
576	작년 국내 RD 투자 66조원 GDP 대비 주요국 1위
577	제62회 신문의 날 표어 공모
578	골밑 점령한 KCC LG 완파하고 3연승…선두 경쟁 이...
579	오바마 민주당 정권연장 위한 지원사격에 적극 나선다
580	유럽 난민문제 해결·수출업체 달러매도에 원달러 환율 급락
581	美중부사령관 미군 전력 증강에 이란 일보후퇴 판단
582	월드컵 스웨덴 한국 사전캠프 염탐…인근 건물서 모...
583	가는 겨울 붙잡는 눈꽃
584	연합뉴스를 홍보해주세요…광고영상 공모전 개최
585	여행소식 한불 수교 130주년 기념 사진전 이마진 프랑스
586	김종규·최진수 등 전년 대비 리바운드 2배 가까이 증가
587	문대통령 21∼23일 러시아 국빈방문…푸틴 대통령과 정상회담
588	특검 靑 주사아줌마 신원 추적…백선생 제보도종합
589	포수 마틴 류현진 컨디션 완벽하진 않았지만 최고의 피칭
590	샤프론 단백질의 p53 항암유전자 제어 확인
591	수원 나혜석거리 맛울림축제
592	유진테크 삼성전자와 38억 규모 반도체 장비 공급계약
593	트럼프 행정 명령 영향…MLB 베네수엘라 윈터리그 불참
594	에콰도르 유가인상 반대 파업으로 이틀째 혼란…350명 연행
595	안철수 논문 표절 보도 MBC 기자 해고
596	SK·롯데 추가지원 뇌물 규명 시동…기재부·관세청 압수수색종합3보
597	美NASA 전기비행기 개발 나선다…시속 282km 수준
598	문 대통령·여야 지도부 지방선거 사전투표
599	단말기 완전자급제 물 건너가나…정책협의회 합의 실패
600	민주 당권주자 초반 세몰이…친문 표심 놓고 기싸움도종합
601	삼성전자 VR·자율차 성장…전용 반도체라인 구축
602	경영난 현대重 극단처방…수익 낸 직원에 최대 1억원 준다
603	충격패 최태웅 감독 순위 결정돼도 마지막 경기 승리 ...
604	KT 기가인터넷 가입자 110만 돌파…증가세 지속
605	트럼프 2008년 라디오서 힐러리 칭찬…좋은 대통령감
606	터키 대통령 카타르 방문…사우디 보란듯 군사협력 부각
607	시진핑 군 통수권 과시…퇴직 군간부들 격려 충성맹세 받아
608	이통 3사 일괄 요금인하 부담 커…단말기 비용 고려해야
609	충북소식 증평정보고 축제 수익금 장학금 지급
610	현대차증권 미중 무역전쟁 쉽게 사그라들지 않을 것
611	현충원 울려 퍼지는 독립만세
612	프로농구 1순위 박준영 kt의 선택 코트에서 증명하겠다
613	화웨이 5G 장비 선택 안 한 SK텔레콤…KT·LG유플러스는
614	조달청 한눈에 보는 우수 조달물품 안내책자 발간
615	원내대책회의 발언하는 홍영표
616	코스닥벤처펀드 덕에 공모주 청약 열기 후끈
617	특징주 미코 호실적 소식에 강세
618	美사우스캐롤라이나 임신 19주 이후 낙태 금지 법안 통과
619	孫 두번째 시베리아로…측근들 만류에도 탈당배수진
620	네이처 日 과학논문 홀로 감소…과학엘리트 지위 잃을수도
621	문 대통령 오늘 오전 10시 신년 기자회견…새해 국정구상 발표
622	아시안게임 3대3 남자농구 국가대표에 안영준 등 선발
623	유영민 미래부장관 개혁 예고…새 술은 새 부대에종합
624	터키 27일부터 러 S400 미사일 2차분 인수
625	카카오 프렌즈 사천성 개발사 넵튠에 100억원 투자
626	폭염주의보 대구·경북 오늘도 덥다
627	힐러리가 후보인데 왜 신문1면에 빌 클린턴…네티즌 갸우뚱
628	퇴장 불응 최강희 감독 프로축구연맹 상벌위에 회부
629	엔씨소프트 리니지M 캐릭터 미리 만드세요
630	박항서 매직 베트남 축구대표팀 일본전 승리 득실 논란
631	北 ICBM용 핵탄두 기폭장치 추정물체 사진 공개종합2보
632	경기하강 국면 독일 7월 산업생산 0.6%↓
633	황총리 캄보디아 등 3개국 정상급과 회담…실질협력 강화종합
634	美아이오와 결전 오바마의 힘 대선 레이스 뒤흔드나
635	단단히 뿔난 AS모나코 음바페에게 몰래 접촉하지 마
636	프로축구 2부 부천 수원에 10 승리…개막 후 4연승
637	美법무장관 페이스북에 메시지 서비스 암호화 중단하라
638	이야기 나누는 김경협과 한정애
639	방심위 디지털 성범죄 묘사 OCN 플레이어에 관계자 징계
640	눈 내린 소나무
641	손학규 선거법·예산안 별개 아냐…대통령·5당대표 회동해야
642	누리호 엔진·슈퍼컴 만나요…도심속 과학축제 개최
643	이해찬 최저임금 1만원 달성 2021년·2022년인지 검토 중
644	에너지 거래전문가 키운다…장부 아닌 실제흐름 파악
645	뉴질랜드 범죄자 대거 추방 놓고 호주·뉴질랜드 갈등
646	특징주 SH홀딩스 감자 결정 소식에 급락
647	소설가로 변신한 송호근 교수 김훈 의식하며 썼다
648	그래픽 사법개혁안 처리 관련 각 당 입장
649	GS건설 전환사채 발행 검토 중
650	한전의 힘…나주 이전 후 177개사 광주·전남 투자협약
651	미국 중부사령관 시리아 방문…현지병력 육성 옳았다종합
652	美 상선 피습 이란 연관 의심…美이란 긴장 증폭
653	HDC 부동산114 자회사로 편입
654	문화재단 마당놀이 공연 개최
655	6이닝 3실점…독수리 낚은 대만 공룡 왕웨이중
656	트럼프 개인비서 퇴직…대통령 가족 관련 이야기 누설
657	자동차 엔진 호흡 조절로 성능을 향상한다
658	페이스북·아마존도 EPL 중계권 눈독…구단 수익 급증할 듯
659	사우디 축구대표팀 이례적으로 예루살렘 방문
660	하나금투 우리금융 신주 발행 오버행 우려…목표가↓
661	중국 과학자들 인간 배아 유전자 편집에 미친 짓
662	골키퍼가 아들과 놀다 다쳐서… 웨스트브롬 골문 비상
663	역사 부정 일본이 알아야할 아동강제동원 보고서
664	美연준 美경제 완만한 성장 지속…단기 낙관론 유지
665	과학기자협회 올해의 과학자상에 항우연 발사체사업본부
666	SNS돋보기 72주년 광복절…앞으로 나가는 대한민국 되자
667	특정국가 노린 랜섬웨어 공격…한국 안전지대 아니다
668	롯데호텔서울 신관 이그제큐티브타워로 리뉴얼 오픈
669	日방문 메르켈 일본 원자력에 대한 비판적 논의 없어 쓴소리
670	네이버 아이디 도용 방지책 강화
671	아이폰의 심장 만들어온 애플 칩디자이너 퇴사
672	정부 北 종업원 입국 공개 잘못 주장에 적극 반박
673	위키리크스 어산지 체포에 세계 각국서 엇갈린 논평종합
674	삼성·애플·LG·구글 스마트폰 가을대전 임박
675	홍영표 전 원내대표 축하받는 이인영 신임 원내대표
676	북중 軍수뇌부 베이징 회동…북중 우의·군사 협력 과시종합2보
677	중기청장 골목형 슈퍼마켓도 코리아세일 참여
678	최지만 그레인키 상대로 PS 첫 홈런 폭발…탬파베이 AL...
679	위안화 절하할까 자본 통제할까…중국의 딜레마
680	끊임없는 이적설 루니 당연히 맨유에 남고 싶다
681	KT 대학생 서포터즈 모바일 퓨처리스트 모집
682	루지 짚와이어 KT 5G 액티비티로 생생하게 즐긴다
683	패장 신영철 감독 여기까지 온 것도 고마워…그래도 성장해야
684	주주가 사외이사 후보 추천을…신한지주 주주추천공모제 시행
685	특검 대통령 옷값·의료비 대납의혹 뇌물여부 수사 검토
686	작년 경기권 미분양 급증은 고분양가·공급과잉 탓
687	체니·게이츠·라이스 등 美공화 거물들이 틸러슨 국무장관 천거종합
688	에버랜드로 오싹한 동물들 만나러 오세요
689	유튜브 동영상 외에 음악감상용으로도 가장 많이 쓴다
690	MLB 포스트시즌 10월 2일 개막…다저스 31년 만에 W...
691	탈레반 미국 아프간 주둔 미군 절반 4월까지 철수 약속종합
692	러시아 개인용 제트기일반 여객기 충돌 위기…350m 거리 근접
693	발목 부상 토트넘 케인 48주 결장…대안은 손흥민
694	일본 인류학자가 탄자니아서 헌 옷 팔며 발견한 새 자본주의
695	여수 한옥 호텔 오동재 3성 등급 획득
696	삼성·LG 연말 스마트폰 시장 한정판·명품 마케팅
697	미중갈등으로 번지는 홍콩시위…中매체 홍콩인권법 총공세
698	1만3천 광년 거리에서 지구 질량 외계행성 발견
699	프로야구 은퇴 선수가 선정한 최고 선수에 김재환
700	아산나눔재단 정주영 창업경진대회 결선진출 8개팀 확정
701	전국에 밤까지 눈 또는 비…내일부터 당분간 매우 추워
702	文대통령 1987 관람…깜짝 방문에 객석 환호·박수
703	02로 밀리던 다저스 9회 말 역전 끝내기 승리
704	與 집권후반기 국정목표 달성 의지…적재적소 인사종합
705	민주 신임 원내대표에 86그룹 대표 이인영2보
706	애플워치3 LTE 내달 15일 국내 출시
707	구석구석 돌려보는 매력…360도 영상 콘텐츠 쏟아진다
708	유시민 노무현재단이사장 취임…임명공직 안맡고 출마도 안해종합
709	16세 日소년의 후쿠시마 방문 요청에 교황 가겠다 답해
710	8만원짜리 인천마카오 편도항공권 나왔다
711	국민 80% 단통법 통신비 인하 효과 체감 못 해
712	黃권한대행측 국정안정 협의에는 여·야·정 참여가 효율적속보
713	신간 개념 없는 사회를 위한 강의
714	에스티팜 2분기 연결 영업익 193억원…38% 감소
715	내일날씨 일교차 큰 가을 날씨…남부지방·동해안 일대 비
716	1분기 스마트폰 세계시장 삼성 1위…화웨이 4%p차로 뒤쫓아
717	KT 1등 고객 서비스 수상 기념 감사 이벤트 진행
718	라바리니 한국 여자배구 강점은 서브·수비·정신력
719	다저스 로버츠 감독 오늘 커쇼 불펜 등판…준비됐다
720	김희옥 국민이 지켜본다…환골탈태 혁신방안 마련
721	박영선 박원순 깜깜이 경선 유도…토론 적극 응해야
722	규제개혁 세계 첫 IoT 전국 전용망 상반기 개통…요금인하 기대
723	트럼프 특검보고서에 내통 증거 없다 확신…반격카드 활용
724	베트남과 중국 끊임없이 반복됐던 전쟁의 역사
725	대신증권 GKL 2분기 실적 대폭 개선…목표가↑
726	KT 구리선 기반 10기가급 인터넷 추진…연내 표준화 완료 계획
727	안철수 원점서 정치인생을 돌아보며 성찰…국민께 깊은 사과속보
728	유럽 최대 가전전시회 열흘 앞으로…미리 보는 IFA 2018
729	김수현 정책실장 경제부총리를 사령탑으로 원팀 임할 것
730	北 외교안보라인 수십명 통화 해킹…번호유출 2차공격 우려종합
731	트럼프 공화 대선후보 다른 사람 되면 지지하지 않겠다
732	문대통령 정상회담 준비위 원로자문단과 오찬 간담회
733	베트남 김정은 수일 내 공식 방문 발표…26일 오전 유력종합
734	박기원 감독 진지위 문서상 출전 가능하지만 훈련 더 필...
735	KBS 평화의 시대와 한민족방송의 역할 포럼 방송
736	축구 역사상 최고액 이적 네이마르 1인자 향한 도전 시작
737	LG전자 V30 라벤더 바이올렛 색상 17일 출시
738	엔씨문화재단 2017 스페셜올림픽 대표팀 공식후원
739	한국당 부자증세부터 저출산대책까지 정부정책 난타
740	KBS 미디어 신뢰도 자체 조사 시행
741	월 4천900원에 무제한 VOD 스트리밍 왓챠플레이 출시
742	단통법 3년 ② 말 많던 지원금상한제 결국 목표 달성 실패
743	러 신문 김정은푸틴 25일 극동연방대서 정상회담종합3보
744	역수출 켈리 MLB 데뷔전에서 승리투수 영예종합
745	최지만 대타로 나와 삼진만 2개…타율 0.259
746	추미애 시조카 비서 채용 진심으로 죄송스럽게 생각
747	보편요금제·단말기자급제 사회적 합의 없이 국회 간다
748	심상정 안철수 비박과 연대한다면 보수 선언하는 것
749	LG 시그니처 올레드 美 전문가 선정 최고 TV
750	호른 리사이틀 여는 김홍박 호른의 따뜻함 나누고파
751	신간 왜 우리에게 기독교가 필요한가
752	미래에셋 CJ EM 1분기 호실적…수익성 개선 전망
753	신 넛크래커 극복 위해 도전적 연구 지원 강화
754	흥국생명 완파 GS칼텍스 백업 박혜민·안혜진 든든하네
755	류현진 도널드슨과 첫 대결…애틀랜타 선발 라인업 공개
756	청와대 혜경궁김씨 경찰 수사결과에 당이 판단할 문제종합
757	사드방중 논란 숨고르기 하는 더민주…격화 불씨는 여전
758	신공항 한숨돌린 朴대통령 안보 총력전 나서
759	獨재무 獨 경제 불황 아냐…빚내서 경기 부양하는 것 배제
760	독일 하노버서 2차 세계대전 불발탄 발견…1만5천명 대피
761	트럼프 중요한 정상회담때 왜 청문회를…코언 증언도 영향줬나종합
762	라바리니 감독 우승하고 싶었는데…일본이 더 강했다
763	한국과학기술연구원 수소 생산용 구리 촉매 개발
764	이식 의료기기에 쓰일 생체삽입형 전지 개발
765	올여름 대구 44일간 뜨거웠다…잠 못 이룬 열대야는 14일
766	정부 주도에서 민간 경쟁으로…우주개발 패러다임 바뀐다
767	그리스 지방선거서 보수 야당 신민당 압승…정권교체 청신호
768	서울시향 슈텐츠 지휘의 정기연주회 성료
769	한국 기회형창업 54개국중 8위…창업 상업·법률 인프라 부족
770	여야 국민의 더 나은 삶 위한 20대 국회돼야
771	동해무릉제 시민속으로…올해부터 도심서 열려
772	EU 소비자단체 종이 음식 포장 용기에 유해물질…규제해야
773	신한금투 대우증권 H지수 ELS 4조원…손익악화
774	문화로 물든 패럴림픽 도시 평창…5만명 찾아 성황
775	통일부 北 최순실사태 계기 朴대통령 막말 비난에 강력 규탄
776	특징주 코스닥 새내기株 잉글우드랩 급등
777	춘천인형극제 29일 개막…국내외 초청작 13개팀
778	靑 19대 국회 경제·일자리만들기 노력 계속해야
779	금리 오른다는데…숙박음식점업 비은행 대출 3년새 2배로
780	산나물 향기 가득…11일 치악산 산나물축제 열려
781	美뉴욕서 동성애자 퍼레이드…올랜도 참사 희생자 추모
782	오늘 밤 우주쇼 어디서 볼까…동호인이 꼽은 광주전남 명소는
783	그래픽 6·13 지방선거 주요 일정
784	목포에 마이스 관광객 몰린다…춤추는 바다분수 등 인기
785	소설도 테이크아웃 커피처럼 가볍게
786	이탈리아스웨덴 크로아티아그리스 월드컵 유럽 PO서 격돌
787	그리즈만 아틀레티코 마드리드와 2022년까지 재계약
788	노동이사제 다시 뜨거운 감자로…은행노조 사외이사 추천 추진
789	권력협상 난항 수단 시위대 이틀 일정으로 파업 시작
790	고동진 사장 갤럭시S8 판매 갤럭시S7보다 15% 많아
791	애플 인도시장서 고전…현지 임원들 엑소더스
792	게시판 현대카드 옷 살 때 50%까지 M포인트로 결제
793	대신증권 셀트리온 단가 인하에 실적 부담…목표주가↓
794	목포 더민주무소속 후보 단일화 논의…성사 여부 관심
795	문 대통령 서울·평양·판문점 중 北이 판문점 정상회담 선택
796	터키서 1달러 지폐 공포…쿠데타 연루 증거 몰래 태워
797	신동주 제출자료 검찰 롯데수사 단서 됐나
798	美공화 전대 멜라니아 트럼프 찬조연설 2008년 미셸 오바마 연설 표절 논란
799	北대표단 北에서 점심…리선권 오후에 잘 될 것
800	게시판 KT 올레tv모바일서 동물보호 캠페인 공개
801	작년 전 세계 홍역 22만9천건…WHO 실제는 10배 이상
802	더 무서워진 한화 헤일 비결은 슬라이더 장착
803	이라크서 민생고 시위 3주 만에 재개…8명 사망종합2보
804	조정식 통화유출 중대한 외교안보 농단…물타기 중단해야
805	박상기 법무부 장관 후보자 인사청문회 13일 실시
806	北 최선희 스웨덴행…북미 접촉 가능성종합2보
807	HDC현대EP 3분기 영업익 32억원…77% 감소
808	숨 쉴수 없다…테헤란 지독한 스모그에 열흘간 휴교
809	프로농구 인삼공사 외국인 모두 교체할 듯…새 팀 되겠다
810	최강 쌍포 이소영·강소휘 봄 배구 가야 합니다
811	짧은 가을이었지만…류현진·최지만 새로운 출발
812	게시판 SKT AI 스피커 누구 레시피 서비스 출시
813	신간 위험한 책읽기·어제보다 더 나답게 일하고 싶다
814	첫 눈 내린 설악산 고지대는 설국…작년보다 일주일 늦어
815	게시판 민음사 민음 북클럽 8기 회원 모집
816	황총리 테러 위협 고조…대비태세 강화 절실히 요구돼
817	에미레이트항공 인천유럽 인기 노선 항공권 특가판매
818	서아프리카 가나서 캐나다 여성 2명 괴한에 피랍
819	인권선언 70년 권력에 맞서 진실을 외쳐라 공연
820	극한에서 희망을 찾다…젊은 작가들의 두 가지 시선
821	kt 이상화 팔꿈치 뼛조각 제거 수술…3개월 재활
822	현대차 전국 시내버스 특별 안전 점검 서비스 실시
823	감마누 법원서 변경회생계획 인가받아
824	구글 검색엔진 손본다…가짜뉴스·저질정보 차단 목적
825	한국 온 美 패트리엇 부대 사드배치 준비작업하나종합
826	北당대회 외신 기자들 평양서 나흘째 허탕…기자회견 없어
827	게시판 KT·EBS 평창서 청소년 직업·진로 탐색 행사
828	힐러리 지지율 하락 바닥 찍었나…트럼프에 5%p 앞서종합
829	손석희 불법 취업청탁일뿐…뉴스룸 흔들림없이 진행종합2보
830	케이뱅크 위메프서 예·적금 금리우대…예금 최고 연 2.4%
831	LGU 프로야구 앱 이용자 1천만 돌파…40대가 ⅓
832	KT 무비데이 뮤직나잇 청춘해 개최
833	KBL 19일 신인드래프트 순위 추첨
834	파튜의 비수 도로공사 PO 1차전서 GS칼텍스에 진땀승
835	네이버 모바일 뉴스판에 언론사 편집 화면 넣는다
836	오바마 北 핵보유 인정안해…중대한 추가제재 취하겠다종합
837	제재 이후 줄었던 EU의 대러 무역 다시 늘어…적자도 커져
838	화성·시흥·광주 뉴스테이 사업에 28곳 참가 의사
839	SKT 새 음악 플랫폼 플로 출시…AI 맞춤형 추천
840	중동의 중재자 오만 외무 두달만에 이란 또 방문
841	김종대 기무사 계엄 문건은 실행계획…압수수색·청문회해야
842	러 항공당국 보잉 737 맥스 여객기 자국 영공 통과 금지
843	그래픽 지역별 여행지급 추이
844	예술원 26일 문학 2017 회원작품 낭독회
845	6전 전패 NBA 클리블랜드 루 감독 해임
846	게시판 한세실업 상반기 신입사원 공채
847	프로농구 꼴찌 후보가 정규리그 우승…DB 순위표 뒤집었다
848	LG전자 실속형 스마트폰 2018년형 K 시리즈 공개
849	윤상현 오늘 아침 김무성 자택 찾아 사과했다속보
850	예멘 반군 사우디 아람코 석유시설 외국인 떠나라 경고종합
851	바른미래 오신환 사보임 강행…4黨 내일 패스트트랙 태운다종합2보
852	朴대통령 경제계 신년회 예정대로…신년음악회는 취소종합
853	광주·전남 기자협회동행 재활 요양병원 업무협약
854	올림픽 날씨 낮 최고 강릉 4도·대관령 1도…미세먼지 양호
855	러시아 국빈방문 B컷 공개 국빈만찬 메뉴 공개
856	KT 0000 7777 1004 등 골드번호 1만개 추첨
857	일본서 미군이 日여성 살해 후 자살 추정…반미정서 커질 듯
858	신간 세상을 바꾼 길들임의 역사
859	대한유화 작년 영업익 2천713억원…288.15%↑
860	현대EP 1분기 영업익 77억원…25.2%↓
861	잠금화면 캐시슬라이드 작년 기부액 1억5천만원 돌파
862	中 1위 클라우드 인스퍼 한국 기업 고객 만족 미흡
863	伊의회 스마트폰 보증연장 법안에 삼성 가격 인상될 수도 경고
864	최강추위 오후에도 전국 영하권…서울 6.5도
865	코스피 소폭 상승…2080선 회복2보
866	아파트 경비노동자 실태조사 보고대회
867	르포 투표소 몰려든 필리핀인들 범죄·가난에 환멸…바꿔보자
868	금감원 삼성증권 특별점검 착수…11일부터 현장검사
869	신반포 13·14차 재건축 롯데건설 수주…15차는 대우건설
870	게임산업협회 WHO에 게임질병코드 도입 반대 의견 전달
871	주말 N 여행 호남권 봄의 생명수 고로쇠 마시고 기운 충전
872	프랑스서 연이틀 통학 버스 사고로 학생 8명 사망
873	5G 가입자 상용화 6개월 만에 346만명…SKT 점유율 44%
874	게시판 LGU 유플런서·5G 서비스 체험단 모집
875	美 지원 쿠르드군 시리아 내 IS 최후 거점 공격 개시
876	정치권 강타한 女風…청와대부터 제1야당까지
877	삼성전자 갤럭시S8 체험존 방문객 160만명 넘었다
878	미디어·정보 리터러시 논하는 첫 국제 심포지엄
879	신간 여성 시하다·너의 운명으로 달아나라
880	선관위 휴대전화 여론조작 집중단속…안심번호 경선 대비
881	국내은행 부실채권·연체율 상승추세…건전성 유의해야
882	광주시 한전배구단 수원 잔류 규탄…지역 상생발전 외면
883	에이앤티앤·KJ프리텍 감사의견 거절…상폐 위기종합
884	삼성 태블릿 신제품 갤노트9 앞서 내달 1일 공개
885	한국당 조강특위 재임명 심사 前 당협위원장들에 특별당비 논란
886	신간 나는 왜 아이디어가 궁할까·나는 습관을…
887	게시판 제1회 과총 데이터 사이언스 포럼
888	이란 대통령 美 비자발급 지연하면 유엔총회 불참
889	네이버 과학콘텐츠 전문성 강화…자문위 발족
890	LGU 태양광 LTE 기지국 개통…전기·광케이블 없어도 OK
891	예측불허 태풍 ① 태풍의 길목 제주…비·바람 피해 직격탄
892	SKT T전화에 안심벨소리 등 보안기능 강화
893	미래아이앤지 국내 공공기관 입찰참가 6개월 제한
894	평양정상회담 수행원들과 기념촬영하는 문 대통령
895	그래픽 은행권 가계대출 증가액
896	朴대통령 지지도 31.5% 취임후 최저…더민주 첫 1위리얼미터
897	그래픽 최근 한반도를 둘러싼 주요 사안들
898	아시안게임 여자농구 15일 종합대회 단일팀 사상 첫 ...
899	日집권당 개헌 세몰이…아베 시대에 안 맞는 부분 개정해야
900	SC제일은행 3분기 순익 1천42억…작년 동기보다 93%↑
901	허사비스 알파고 승리는 작은 발걸음…게임 안 끝났다
902	트럼프 中 거래 원해도 美 준비 안돼…이란 체제전환 요구안해
903	트럼프 이란과 진전 이례적 발언…물밑 접촉 이란 흔들기
904	새누리당 20대 국회 첫 정책워크숍 10일 개최
905	NBA 골든스테이트 듀랜트 50점에도 포틀랜드에 덜미
906	프로농구 DB 디펜딩챔프 인삼공사 꺾고 3년 만에 챔프전 진출
907	프럼파스트 21억원어치 자사주 시간외 매매 결정
908	제주 산지 대설주의보 해제…한라산 최고 8.5㎝ 적설종합
909	국기에 경례하는 임종석 비서실장
910	선주협회장 대부분 해운사 건실한데 리스크업종 낙인
911	자리에 앉는 손학규와 김관영
912	월드컵 고개 숙인 손흥민
913	한국인터넷기자협회 창립 16주년 기념식
914	맨유 재무책임자 브렉시트 때문에 망하게 생겼어요
915	북한 풍계리 인근 규모 5.3 지진…북한 5차 핵실험 가능성종합
916	수도권ㆍ광역시ㆍ세종시 중도금대출 보증 5억원으로 축소
917	힐러리트럼프 공약 극과 극…선거캠프 면면도 극명히 대조
918	문화재재단 공연·국립민속박물관 논문 공모
919	SK텔레콤 4.5G 서비스 개시…고화질 영화 1편이 23초
920	전처 살인사건 25주년 맞는 O.J. 심슨 삶이 괜찮네요
921	삼성 미국서 갤럭시탭S3 예약판매
922	금융지주 순이익 11조6천억원…총자산 2천조원 넘어
923	검찰 강타한 강원랜드 수사 내홍…법리점검 vs 독립성 침해
924	윤관석 美 방위비분담금 압박 심하면 한미동맹 훼손될 수도
925	LG유플러스 MWC 2018 현장 방문
926	게시판 LGU U프로야구 레전드 끝장레슨 참가자 모집
927	DB의 복덩이 버튼 재계약이요 챔프전부터 끝내고요
928	카카오프렌즈 스낵 현대백화점 판교점 입점
929	삼성 30년 근속 류중일 LG 감독 생애 첫 삼성과 대결
930	프로농구 DB 외국인 선수 포스터·틸먼 영입
931	청와대 회동 ③ 정무장관직 종합적 검토…與 자율성 강화
932	넥센 박병호 SK전서 시즌 26호 아치…전 구단 상대 홈런
933	임종석 오늘 DMZ 방문…지뢰제거 현장 방문
934	월드컵 한줄기 희망 품고…신태용호 독일전 결전지 카잔 도착
935	G7 차원 첫 IT 거대기업 시장과점 규제방안 논의 추진
936	박항서의 베트남 축구신화 다룬 책 발간 전부터 불티
937	블룸버그는 대선 출마 검토 오너를 어떻게 보도할까
938	황창규 경영고문 고액 자문료 지급 몰랐다…부문장이 담당
939	벽돌폰부터 5G까지…30년 이동통신 변천사 한눈에
940	美 추가제재 경고·부통령 급파 터키 압박…실효성 의문도
941	경산 50㎜ 등 경북 곳곳 비…포항은 3㎜ 해갈에 역부족
942	美하원 北 핵무기 1321개 제조능력 갖춰…北핵 결의안 상정
943	이스라엘 집권 리쿠드당 조기총선시 대표 경선…네타냐후 동의
944	거래소 나노캠텍에 주가급등 관련 조회공시 요구
945	전쟁 피해왔는데… 땅에도 바다에도 난민에겐 죽음의 그림자
946	정지석 폭발 대한항공 삼성화재에 대역전승…선두 탈환
947	임대형 제로에너지 단독주택 찾은 김현미 장관
948	美 최초 여성대통령 최고령 대통령…누가 돼도 새 역사
949	신간 잃어버린 잠을 찾아서·무엇이 강자를 만드는가
950	얘기 나누는 신임 유남석 헌법재판소장과 헌법재판관들
951	영화관서 데이트하듯…SKT·SKB 옥수수 소셜 VR 상용화
952	美 IS선전요원 출신 여성 입국 거부…미국민 아니다종합
953	한중 교류 中 선양 한국주행사 폐막식
954	끼니 때울 쌀 대신 그림에 쓸 꽃다발 선택한 천경자
955	北대표단 러 경유 중국行…2주후 협상 美에 물어봐라종합2보
956	黃권한대행 특검 피의사실 알리면 안돼 그런 우려 살필 것
957	인권위기자협회 제7회 인권보도상 수상작 6편 선정
958	신간 느낌의 진화·아름다운 미생물 이야기
959	채식주의자 영국서 15만부 돌파…엄청난 수치
960	카카오맵 자전거 길 찾기 기능 탑재
961	태권도시범단 격려하는 도종환 장관
962	민주 개헌안 합의에 전력투구…대통령 발의카드로 야당 압박
963	야구경기를 손안에서 더 생생하게…LGU＋ 프로야구 앱종합
964	빅데이터가 지목한 연휴 핫플레이스 1위는 전주한옥마을종합
965	이통 3사 신규 요금제 따져보니…고가 가입자에 혜택 몰려
966	반가운 단비 경기 동두천 오후 5시 40분 호우주의보
967	기아차 광주공장 올해 생산량 49만9천여대…작년보다 6%↓종합
968	독일서 외국인 혐오 의심 차량 돌진…5명 부상종합
969	朴대통령 5자 북핵 공조 카드로 北中 동시 압박종합2보
970	넥센타이어 후원 맨체스터시티 서울서 팬 이벤트
971	美 테러조직 지정 이란 혁명수비대…이란 체제의 중추
972	비트코인 눈독 들이는 북한…내년 거래소 공격 가능성
973	로드리게스 레알 마드리드 떠나 어디로
974	K리그 1강 전북 독주에 홈 관중도 증가
975	태양의 후예 촬영지 태백시 관광명소 급부상
976	전해철 의원 혜경궁 김씨 트위터 계정 고발 취하
977	통일부 마식령스키장 공동훈련 평화올림픽 구상 일환
978	여자농구 존스컵 첫 경기서 대만B에 17점차 완승
979	발언하는 장병완
980	국내 최초 골프장서 매머드 캠핑 페스티벌
981	朴대통령 16일 국회연설 추진…北도발에 국민단합 강조
982	인터넷 이용자 3명 중 1명 사이버폭력 경험
983	장마 일주일 지각 내달 2일부터 중부 본격적인 장맛비
984	태국 정부 사우디 10대女 망명 허용한 캐나다로 출발
985	황현산 문예위원장 취임…독립기관 만드는데 필요한 건 긍지
986	트럼프 탄핵여론 27%…뮬러 입장표명에 10%P 껑충
987	AG 대표 LG 차우찬 왼쪽 고관절 통증…엔트리 말소
988	아이폰X 조기 단종설…높은 가격·노치 디자인이 발목
989	금융소비자원 DLS·DLF 피해자 상담센터 운영
990	신태용호 월드컵 공인구·헤드셋·VAR·잔디 적응 착착
991	삼성증권 현대홈쇼핑 수익성 하락…목표가↓
992	테슬라 세계최고 AI칩 개발 중…강력한 자율주행 가능
993	북한은 설에 3일 쉰다…2003년부터 사흘 연휴로 지정
994	노약자 실외활동 자제 경기도 11개 시 오존주의보
995	이란 저농축 우라늄 생산속도 4배로 증가…3.67% 농도는 유지
996	中CCTV 앵커 韓·日 친구 삭제해…미국도 설득 못해
997	대신증권 LG전자 내년까지 실적 개선 전망…매수
998	엘드림 학교 꿈을 찾아 떠나는 축구 캠프 개최
999	공식운동 첫 주말…부산 與 직접 접촉 vs 野 거리 유세종합
1000	유혹의 색 라즈베리 로즈 입은 LG V30
